idx,L:D7TOR,L:D7TOR Timestamp,L:TO3IN,L:TO3IN Timestamp,L:RFQPAH,L:RFQPAH Timestamp,L:D7LMSM,L:D7LMSM Timestamp,L:D00LM,L:D00LM Timestamp,L:D11LM,L:D11LM Timestamp,L:D12LM,L:D12LM Timestamp,L:D13LM,L:D13LM Timestamp,L:D14LM,L:D14LM Timestamp,L:D21LM,L:D21LM Timestamp,L:D22LM,L:D22LM Timestamp,L:D23LM,L:D23LM Timestamp,L:D24LM,L:D24LM Timestamp,L:D31LM,L:D31LM Timestamp,L:D32LM,L:D32LM Timestamp,L:D33LM,L:D33LM Timestamp,L:D34LM,L:D34LM Timestamp,L:D41LM,L:D41LM Timestamp,L:D42LM,L:D42LM Timestamp,L:D43LM,L:D43LM Timestamp,L:D44LM,L:D44LM Timestamp,L:D51LM,L:D51LM Timestamp,L:D52LM,L:D52LM Timestamp,L:D53LM,L:D53LM Timestamp,L:D54LM,L:D54LM Timestamp,L:D61LM,L:D61LM Timestamp,L:D62LM,L:D62LM Timestamp,L:D63LM,L:D63LM Timestamp,L:D64LM,L:D64LM Timestamp,L:D71LM,L:D71LM Timestamp,L:D72LM,L:D72LM Timestamp,L:D73LM,L:D73LM Timestamp,L:D74LM,L:D74LM Timestamp,L:RFBPAH,L:RFBPAH Timestamp,L:TO1IN,L:TO1IN Timestamp,L:TO5OUT,L:TO5OUT Timestamp,L:V5QSET,L:V5QSET Timestamp
0,24.461794846918856,2021-11-26 17:46:28.299000+00:00,25.536396313498532,2021-11-26 17:46:28.299000+00:00,165.63720703125,2021-11-26 17:46:28.299000+00:00,14.373779296875,2021-11-26 17:46:28.299000+00:00,0.030517578125,2021-11-26 17:46:28.299000+00:00,0.4302978515625,2021-11-26 17:46:28.299000+00:00,-0.2410888671875,2021-11-26 17:46:28.299000+00:00,-0.1220703125,2021-11-26 17:46:28.299000+00:00,2.05078125,2021-11-26 17:46:28.299000+00:00,1.91650390625,2021-11-26 17:46:28.299000+00:00,-0.0640869140625,2021-11-26 17:46:28.299000+00:00,0.213623046875,2021-11-26 17:46:28.299000+00:00,0.5828857421875,2021-11-26 17:46:28.299000+00:00,1.1566162109375,2021-11-26 17:46:28.299000+00:00,0.0640869140625,2021-11-26 17:46:28.299000+00:00,1.800537109375,2021-11-26 17:46:28.299000+00:00,1.1016845703125,2021-11-26 17:46:28.299000+00:00,-0.0732421875,2021-11-26 17:46:28.299000+00:00,0.0762939453125,2021-11-26 17:46:28.299000+00:00,0.457763671875,2021-11-26 17:46:28.299000+00:00,-0.1068115234375,2021-11-26 17:46:28.299000+00:00,0.1739501953125,2021-11-26 17:46:28.299000+00:00,-0.0030517578125,2021-11-26 17:46:28.299000+00:00,0.396728515625,2021-11-26 17:46:28.299000+00:00,0.750732421875,2021-11-26 17:46:28.299000+00:00,-0.006103515625,2021-11-26 17:46:28.299000+00:00,-0.0396728515625,2021-11-26 17:46:28.299000+00:00,0.20751953125,2021-11-26 17:46:28.299000+00:00,0.48828125,2021-11-26 17:46:28.299000+00:00,0.08544921875,2021-11-26 17:46:28.299000+00:00,0.0579833984375,2021-11-26 17:46:28.299000+00:00,0.13427734375,2021-11-26 17:46:28.299000+00:00,0.1007080078125,2021-11-26 17:46:28.299000+00:00,227.55126953125,2021-11-26 17:46:28.299000+00:00,26.7931593565686,2021-11-26 17:46:28.299000+00:00,24.955460966848204,2021-11-26 17:46:28.299000+00:00,-32.29999542236328,2021-11-26 17:46:28.300000+00:00
1,23.83604919455759,2021-11-26 17:46:28.366000+00:00,24.878005387509155,2021-11-26 17:46:28.366000+00:00,165.63720703125,2021-11-26 17:46:28.366000+00:00,13.958740234375,2021-11-26 17:46:28.366000+00:00,0.445556640625,2021-11-26 17:46:28.366000+00:00,0.177001953125,2021-11-26 17:46:28.366000+00:00,0.0213623046875,2021-11-26 17:46:28.366000+00:00,-0.2471923828125,2021-11-26 17:46:28.366000+00:00,1.9927978515625,2021-11-26 17:46:28.366000+00:00,1.7120361328125,2021-11-26 17:46:28.366000+00:00,-0.286865234375,2021-11-26 17:46:28.366000+00:00,0.201416015625,2021-11-26 17:46:28.366000+00:00,0.50048828125,2021-11-26 17:46:28.366000+00:00,1.068115234375,2021-11-26 17:46:28.366000+00:00,0.006103515625,2021-11-26 17:46:28.366000+00:00,1.5472412109375,2021-11-26 17:46:28.366000+00:00,0.91552734375,2021-11-26 17:46:28.366000+00:00,0.1312255859375,2021-11-26 17:46:28.366000+00:00,0.0091552734375,2021-11-26 17:46:28.366000+00:00,0.6500244140625,2021-11-26 17:46:28.366000+00:00,-0.0152587890625,2021-11-26 17:46:28.366000+00:00,0.35400390625,2021-11-26 17:46:28.366000+00:00,0.2227783203125,2021-11-26 17:46:28.366000+00:00,0.4730224609375,2021-11-26 17:46:28.366000+00:00,0.750732421875,2021-11-26 17:46:28.366000+00:00,-0.0732421875,2021-11-26 17:46:28.366000+00:00,-0.0152587890625,2021-11-26 17:46:28.366000+00:00,0.35400390625,2021-11-26 17:46:28.366000+00:00,0.396728515625,2021-11-26 17:46:28.366000+00:00,-0.0518798828125,2021-11-26 17:46:28.366000+00:00,-0.0030517578125,2021-11-26 17:46:28.366000+00:00,0.1495361328125,2021-11-26 17:46:28.366000+00:00,-0.1312255859375,2021-11-26 17:46:28.366000+00:00,227.60009765625,2021-11-26 17:46:28.366000+00:00,26.203372829851684,2021-11-26 17:46:28.366000+00:00,24.29078023862988,2021-11-26 17:46:28.366000+00:00,-31.299999237060547,2021-11-26 17:46:28.366000+00:00
2,24.161072421754945,2021-11-26 17:46:28.433000+00:00,25.11057133649048,2021-11-26 17:46:28.433000+00:00,165.63720703125,2021-11-26 17:46:28.433000+00:00,12.646484375,2021-11-26 17:46:28.433000+00:00,0.3753662109375,2021-11-26 17:46:28.433000+00:00,0.3814697265625,2021-11-26 17:46:28.433000+00:00,0.2410888671875,2021-11-26 17:46:28.433000+00:00,-0.274658203125,2021-11-26 17:46:28.433000+00:00,1.837158203125,2021-11-26 17:46:28.433000+00:00,1.5380859375,2021-11-26 17:46:28.433000+00:00,-0.3997802734375,2021-11-26 17:46:28.433000+00:00,0.4058837890625,2021-11-26 17:46:28.433000+00:00,0.506591796875,2021-11-26 17:46:28.433000+00:00,0.6378173828125,2021-11-26 17:46:28.433000+00:00,0.0701904296875,2021-11-26 17:46:28.433000+00:00,1.2603759765625,2021-11-26 17:46:28.433000+00:00,1.0162353515625,2021-11-26 17:46:28.433000+00:00,-0.006103515625,2021-11-26 17:46:28.433000+00:00,0.08544921875,2021-11-26 17:46:28.433000+00:00,0.3631591796875,2021-11-26 17:46:28.433000+00:00,0.0701904296875,2021-11-26 17:46:28.433000+00:00,0.1739501953125,2021-11-26 17:46:28.433000+00:00,0.0030517578125,2021-11-26 17:46:28.433000+00:00,0.40283203125,2021-11-26 17:46:28.433000+00:00,0.732421875,2021-11-26 17:46:28.433000+00:00,-0.054931640625,2021-11-26 17:46:28.433000+00:00,0.0274658203125,2021-11-26 17:46:28.433000+00:00,0.3021240234375,2021-11-26 17:46:28.433000+00:00,0.29296875,2021-11-26 17:46:28.433000+00:00,0.2105712890625,2021-11-26 17:46:28.433000+00:00,0.0244140625,2021-11-26 17:46:28.433000+00:00,0.042724609375,2021-11-26 17:46:28.433000+00:00,0.1739501953125,2021-11-26 17:46:28.433000+00:00,227.4658203125,2021-11-26 17:46:28.433000+00:00,26.4655001750592,2021-11-26 17:46:28.433000+00:00,24.613142716518677,2021-11-26 17:46:28.433000+00:00,-31.349998474121094,2021-11-26 17:46:28.433000+00:00
3,23.954515604470643,2021-11-26 17:46:28.499000+00:00,25.2186653691156,2021-11-26 17:46:28.499000+00:00,165.63720703125,2021-11-26 17:46:28.499000+00:00,25.18310546875,2021-11-26 17:46:28.499000+00:00,0.3509521484375,2021-11-26 17:46:28.499000+00:00,0.750732421875,2021-11-26 17:46:28.499000+00:00,-0.03662109375,2021-11-26 17:46:28.499000+00:00,-0.0335693359375,2021-11-26 17:46:28.499000+00:00,3.8787841796875,2021-11-26 17:46:28.499000+00:00,2.5848388671875,2021-11-26 17:46:28.499000+00:00,-0.347900390625,2021-11-26 17:46:28.499000+00:00,0.3387451171875,2021-11-26 17:46:28.499000+00:00,1.324462890625,2021-11-26 17:46:28.499000+00:00,2.35595703125,2021-11-26 17:46:28.499000+00:00,0.47607421875,2021-11-26 17:46:28.499000+00:00,0.445556640625,2021-11-26 17:46:28.499000+00:00,3.5369873046875,2021-11-26 17:46:28.499000+00:00,-0.0762939453125,2021-11-26 17:46:28.499000+00:00,0.140380859375,2021-11-26 17:46:28.499000+00:00,-0.1495361328125,2021-11-26 17:46:28.499000+00:00,0.2471923828125,2021-11-26 17:46:28.499000+00:00,0.86669921875,2021-11-26 17:46:28.499000+00:00,0.1800537109375,2021-11-26 17:46:28.499000+00:00,1.318359375,2021-11-26 17:46:28.499000+00:00,1.28173828125,2021-11-26 17:46:28.499000+00:00,0.1678466796875,2021-11-26 17:46:28.499000+00:00,0.03662109375,2021-11-26 17:46:28.499000+00:00,0.2685546875,2021-11-26 17:46:28.499000+00:00,0.2044677734375,2021-11-26 17:46:28.499000+00:00,0.1190185546875,2021-11-26 17:46:28.499000+00:00,0.4669189453125,2021-11-26 17:46:28.499000+00:00,-0.01220703125,2021-11-26 17:46:28.499000+00:00,-0.079345703125,2021-11-26 17:46:28.499000+00:00,227.587890625,2021-11-26 17:46:28.499000+00:00,26.509188065927123,2021-11-26 17:46:28.499000+00:00,24.676080152677915,2021-11-26 17:46:28.499000+00:00,-31.39999771118164,2021-11-26 17:46:28.500000+00:00
4,24.024380410316805,2021-11-26 17:46:28.566000+00:00,25.33658613197937,2021-11-26 17:46:28.566000+00:00,165.63720703125,2021-11-26 17:46:28.566000+00:00,24.774169921875,2021-11-26 17:46:28.566000+00:00,0.3326416015625,2021-11-26 17:46:28.566000+00:00,0.3265380859375,2021-11-26 17:46:28.566000+00:00,0.03662109375,2021-11-26 17:46:28.566000+00:00,-0.18310546875,2021-11-26 17:46:28.566000+00:00,3.79638671875,2021-11-26 17:46:28.566000+00:00,2.3681640625,2021-11-26 17:46:28.566000+00:00,-0.2197265625,2021-11-26 17:46:28.566000+00:00,0.0457763671875,2021-11-26 17:46:28.566000+00:00,1.4312744140625,2021-11-26 17:46:28.566000+00:00,2.8533935546875,2021-11-26 17:46:28.566000+00:00,-0.115966796875,2021-11-26 17:46:28.566000+00:00,0.50048828125,2021-11-26 17:46:28.566000+00:00,3.5491943359375,2021-11-26 17:46:28.566000+00:00,-0.225830078125,2021-11-26 17:46:28.566000+00:00,0.128173828125,2021-11-26 17:46:28.566000+00:00,0.03662109375,2021-11-26 17:46:28.566000+00:00,0.3021240234375,2021-11-26 17:46:28.566000+00:00,0.9857177734375,2021-11-26 17:46:28.566000+00:00,-0.048828125,2021-11-26 17:46:28.566000+00:00,1.3580322265625,2021-11-26 17:46:28.566000+00:00,1.4495849609375,2021-11-26 17:46:28.566000+00:00,-0.1251220703125,2021-11-26 17:46:28.566000+00:00,0.262451171875,2021-11-26 17:46:28.566000+00:00,0.396728515625,2021-11-26 17:46:28.566000+00:00,0.390625,2021-11-26 17:46:28.566000+00:00,0.0518798828125,2021-11-26 17:46:28.566000+00:00,0.3997802734375,2021-11-26 17:46:28.566000+00:00,0.1129150390625,2021-11-26 17:46:28.566000+00:00,0.0701904296875,2021-11-26 17:46:28.566000+00:00,227.55126953125,2021-11-26 17:46:28.566000+00:00,26.56847877496216,2021-11-26 17:46:28.566000+00:00,24.751298064185303,2021-11-26 17:46:28.566000+00:00,-31.449996948242188,2021-11-26 17:46:28.566000+00:00
5,24.051718812604435,2021-11-26 17:46:28.632000+00:00,25.231767676100464,2021-11-26 17:46:28.632000+00:00,165.63720703125,2021-11-26 17:46:28.632000+00:00,20.69091796875,2021-11-26 17:46:28.632000+00:00,0.494384765625,2021-11-26 17:46:28.632000+00:00,0.3692626953125,2021-11-26 17:46:28.632000+00:00,0.286865234375,2021-11-26 17:46:28.632000+00:00,-0.225830078125,2021-11-26 17:46:28.632000+00:00,3.4637451171875,2021-11-26 17:46:28.632000+00:00,2.1881103515625,2021-11-26 17:46:28.632000+00:00,-0.225830078125,2021-11-26 17:46:28.632000+00:00,0.35400390625,2021-11-26 17:46:28.632000+00:00,1.28173828125,2021-11-26 17:46:28.632000+00:00,2.154541015625,2021-11-26 17:46:28.632000+00:00,0.1434326171875,2021-11-26 17:46:28.632000+00:00,0.4669189453125,2021-11-26 17:46:28.632000+00:00,2.398681640625,2021-11-26 17:46:28.632000+00:00,-0.10986328125,2021-11-26 17:46:28.632000+00:00,0.3173828125,2021-11-26 17:46:28.632000+00:00,-0.0640869140625,2021-11-26 17:46:28.632000+00:00,0.2960205078125,2021-11-26 17:46:28.632000+00:00,0.653076171875,2021-11-26 17:46:28.632000+00:00,0.0030517578125,2021-11-26 17:46:28.632000+00:00,1.2725830078125,2021-11-26 17:46:28.632000+00:00,1.0955810546875,2021-11-26 17:46:28.632000+00:00,-0.1678466796875,2021-11-26 17:46:28.632000+00:00,-0.146484375,2021-11-26 17:46:28.632000+00:00,0.274658203125,2021-11-26 17:46:28.632000+00:00,0.1983642578125,2021-11-26 17:46:28.632000+00:00,0.0152587890625,2021-11-26 17:46:28.632000+00:00,0.3997802734375,2021-11-26 17:46:28.632000+00:00,0.1617431640625,2021-11-26 17:46:28.632000+00:00,-0.0274658203125,2021-11-26 17:46:28.632000+00:00,227.4658203125,2021-11-26 17:46:28.632000+00:00,26.51854975682739,2021-11-26 17:46:28.632000+00:00,24.69603592511865,2021-11-26 17:46:28.632000+00:00,-31.49999618530273,2021-11-26 17:46:28.633000+00:00
6,23.81478599277832,2021-11-26 17:46:28.699000+00:00,24.950068075925905,2021-11-26 17:46:28.699000+00:00,165.63720703125,2021-11-26 17:46:28.699000+00:00,17.364501953125,2021-11-26 17:46:28.699000+00:00,0.5096435546875,2021-11-26 17:46:28.699000+00:00,0.30517578125,2021-11-26 17:46:28.699000+00:00,0.0640869140625,2021-11-26 17:46:28.699000+00:00,-0.3448486328125,2021-11-26 17:46:28.699000+00:00,3.2257080078125,2021-11-26 17:46:28.699000+00:00,2.337646484375,2021-11-26 17:46:28.699000+00:00,-0.57373046875,2021-11-26 17:46:28.699000+00:00,0.5401611328125,2021-11-26 17:46:28.699000+00:00,0.9002685546875,2021-11-26 17:46:28.699000+00:00,1.6815185546875,2021-11-26 17:46:28.699000+00:00,0.1373291015625,2021-11-26 17:46:28.699000+00:00,0.45166015625,2021-11-26 17:46:28.699000+00:00,1.7303466796875,2021-11-26 17:46:28.699000+00:00,-0.06103515625,2021-11-26 17:46:28.699000+00:00,0.054931640625,2021-11-26 17:46:28.699000+00:00,-0.042724609375,2021-11-26 17:46:28.699000+00:00,0.0091552734375,2021-11-26 17:46:28.699000+00:00,0.6103515625,2021-11-26 17:46:28.699000+00:00,0.0823974609375,2021-11-26 17:46:28.699000+00:00,0.9063720703125,2021-11-26 17:46:28.699000+00:00,0.994873046875,2021-11-26 17:46:28.699000+00:00,-0.06103515625,2021-11-26 17:46:28.699000+00:00,0.042724609375,2021-11-26 17:46:28.699000+00:00,0.45166015625,2021-11-26 17:46:28.699000+00:00,0.1495361328125,2021-11-26 17:46:28.699000+00:00,0.1617431640625,2021-11-26 17:46:28.699000+00:00,0.06103515625,2021-11-26 17:46:28.699000+00:00,0.01220703125,2021-11-26 17:46:28.699000+00:00,0.2197265625,2021-11-26 17:46:28.699000+00:00,227.52685546875,2021-11-26 17:46:28.699000+00:00,26.209613957118528,2021-11-26 17:46:28.699000+00:00,24.43507582397058,2021-11-26 17:46:28.699000+00:00,-31.54999542236328,2021-11-26 17:46:28.700000+00:00
7,24.27650123141382,2021-11-26 17:46:28.766000+00:00,25.487262662305294,2021-11-26 17:46:28.766000+00:00,165.63720703125,2021-11-26 17:46:28.766000+00:00,19.976806640625,2021-11-26 17:46:28.766000+00:00,0.3326416015625,2021-11-26 17:46:28.766000+00:00,0.286865234375,2021-11-26 17:46:28.766000+00:00,0.079345703125,2021-11-26 17:46:28.766000+00:00,-0.1495361328125,2021-11-26 17:46:28.766000+00:00,3.619384765625,2021-11-26 17:46:28.766000+00:00,2.4658203125,2021-11-26 17:46:28.766000+00:00,-0.238037109375,2021-11-26 17:46:28.766000+00:00,0.054931640625,2021-11-26 17:46:28.766000+00:00,1.2237548828125,2021-11-26 17:46:28.766000+00:00,1.9378662109375,2021-11-26 17:46:28.766000+00:00,0.0885009765625,2021-11-26 17:46:28.766000+00:00,0.6011962890625,2021-11-26 17:46:28.766000+00:00,2.4169921875,2021-11-26 17:46:28.766000+00:00,-0.115966796875,2021-11-26 17:46:28.766000+00:00,0.0396728515625,2021-11-26 17:46:28.766000+00:00,-0.1922607421875,2021-11-26 17:46:28.766000+00:00,0.2288818359375,2021-11-26 17:46:28.766000+00:00,0.4974365234375,2021-11-26 17:46:28.766000+00:00,0.06103515625,2021-11-26 17:46:28.766000+00:00,1.080322265625,2021-11-26 17:46:28.766000+00:00,1.1260986328125,2021-11-26 17:46:28.766000+00:00,-0.01220703125,2021-11-26 17:46:28.766000+00:00,-0.0579833984375,2021-11-26 17:46:28.766000+00:00,0.2410888671875,2021-11-26 17:46:28.766000+00:00,0.4150390625,2021-11-26 17:46:28.766000+00:00,0.0335693359375,2021-11-26 17:46:28.766000+00:00,0.494384765625,2021-11-26 17:46:28.766000+00:00,-0.079345703125,2021-11-26 17:46:28.766000+00:00,0.32958984375,2021-11-26 17:46:28.766000+00:00,227.50244140625,2021-11-26 17:46:28.766000+00:00,26.78691822930176,2021-11-26 17:46:28.766000+00:00,24.938575313244502,2021-11-26 17:46:28.766000+00:00,-31.599994659423828,2021-11-26 17:46:28.766000+00:00
8,23.899838799895388,2021-11-26 17:46:28.832000+00:00,25.10074460625183,2021-11-26 17:46:28.832000+00:00,165.63720703125,2021-11-26 17:46:28.832000+00:00,19.354248046875,2021-11-26 17:46:28.832000+00:00,0.3265380859375,2021-11-26 17:46:28.832000+00:00,0.4791259765625,2021-11-26 17:46:28.832000+00:00,0.1220703125,2021-11-26 17:46:28.832000+00:00,-0.13427734375,2021-11-26 17:46:28.832000+00:00,3.509521484375,2021-11-26 17:46:28.832000+00:00,2.4627685546875,2021-11-26 17:46:28.832000+00:00,-0.2288818359375,2021-11-26 17:46:28.832000+00:00,0.0579833984375,2021-11-26 17:46:28.832000+00:00,1.1077880859375,2021-11-26 17:46:28.832000+00:00,2.5787353515625,2021-11-26 17:46:28.832000+00:00,-0.0701904296875,2021-11-26 17:46:28.832000+00:00,0.5889892578125,2021-11-26 17:46:28.832000+00:00,1.5777587890625,2021-11-26 17:46:28.832000+00:00,-0.1708984375,2021-11-26 17:46:28.832000+00:00,0.06103515625,2021-11-26 17:46:28.832000+00:00,0.1129150390625,2021-11-26 17:46:28.832000+00:00,0.2197265625,2021-11-26 17:46:28.832000+00:00,0.7354736328125,2021-11-26 17:46:28.832000+00:00,0.25634765625,2021-11-26 17:46:28.832000+00:00,0.7598876953125,2021-11-26 17:46:28.832000+00:00,0.81787109375,2021-11-26 17:46:28.832000+00:00,-0.1220703125,2021-11-26 17:46:28.832000+00:00,0.1739501953125,2021-11-26 17:46:28.832000+00:00,0.2532958984375,2021-11-26 17:46:28.832000+00:00,0.3509521484375,2021-11-26 17:46:28.832000+00:00,0.09765625,2021-11-26 17:46:28.832000+00:00,0.311279296875,2021-11-26 17:46:28.832000+00:00,0.030517578125,2021-11-26 17:46:28.832000+00:00,-0.0335693359375,2021-11-26 17:46:28.832000+00:00,227.5634765625,2021-11-26 17:46:28.832000+00:00,26.39060664785705,2021-11-26 17:46:28.832000+00:00,24.559415636870543,2021-11-26 17:46:28.832000+00:00,-31.64999389648437,2021-11-26 17:46:28.833000+00:00
9,24.30080203344727,2021-11-26 17:46:28.899000+00:00,25.447955741350707,2021-11-26 17:46:28.899000+00:00,165.63720703125,2021-11-26 17:46:28.899000+00:00,17.19970703125,2021-11-26 17:46:28.899000+00:00,0.469970703125,2021-11-26 17:46:28.899000+00:00,0.25634765625,2021-11-26 17:46:28.899000+00:00,0.079345703125,2021-11-26 17:46:28.899000+00:00,-0.0579833984375,2021-11-26 17:46:28.899000+00:00,3.0975341796875,2021-11-26 17:46:28.899000+00:00,2.0263671875,2021-11-26 17:46:28.899000+00:00,-0.177001953125,2021-11-26 17:46:28.899000+00:00,0.103759765625,2021-11-26 17:46:28.899000+00:00,1.397705078125,2021-11-26 17:46:28.899000+00:00,2.0782470703125,2021-11-26 17:46:28.899000+00:00,0.1861572265625,2021-11-26 17:46:28.899000+00:00,0.8636474609375,2021-11-26 17:46:28.899000+00:00,1.23291015625,2021-11-26 17:46:28.899000+00:00,0.3387451171875,2021-11-26 17:46:28.899000+00:00,0.048828125,2021-11-26 17:46:28.899000+00:00,-0.13427734375,2021-11-26 17:46:28.899000+00:00,0.244140625,2021-11-26 17:46:28.899000+00:00,0.4150390625,2021-11-26 17:46:28.899000+00:00,0.250244140625,2021-11-26 17:46:28.899000+00:00,0.6866455078125,2021-11-26 17:46:28.899000+00:00,0.5859375,2021-11-26 17:46:28.899000+00:00,-0.1983642578125,2021-11-26 17:46:28.899000+00:00,-0.2044677734375,2021-11-26 17:46:28.899000+00:00,0.25634765625,2021-11-26 17:46:28.899000+00:00,0.323486328125,2021-11-26 17:46:28.899000+00:00,0.0030517578125,2021-11-26 17:46:28.899000+00:00,0.1678466796875,2021-11-26 17:46:28.899000+00:00,0.0946044921875,2021-11-26 17:46:28.899000+00:00,0.03662109375,2021-11-26 17:46:28.899000+00:00,227.5634765625,2021-11-26 17:46:28.899000+00:00,26.81188273836914,2021-11-26 17:46:28.899000+00:00,24.917084481385253,2021-11-26 17:46:28.899000+00:00,-31.69999313354492,2021-11-26 17:46:28.900000+00:00
10,23.94844040396228,2021-11-26 17:46:28.966000+00:00,24.927139038702396,2021-11-26 17:46:28.966000+00:00,165.63720703125,2021-11-26 17:46:28.966000+00:00,15.10009765625,2021-11-26 17:46:28.966000+00:00,0.3753662109375,2021-11-26 17:46:28.966000+00:00,0.42724609375,2021-11-26 17:46:28.966000+00:00,0.0946044921875,2021-11-26 17:46:28.966000+00:00,-0.3387451171875,2021-11-26 17:46:28.966000+00:00,2.7618408203125,2021-11-26 17:46:28.966000+00:00,2.4017333984375,2021-11-26 17:46:28.966000+00:00,-0.3692626953125,2021-11-26 17:46:28.966000+00:00,0.262451171875,2021-11-26 17:46:28.966000+00:00,0.7965087890625,2021-11-26 17:46:28.966000+00:00,1.40380859375,2021-11-26 17:46:28.966000+00:00,-0.0213623046875,2021-11-26 17:46:28.966000+00:00,0.6622314453125,2021-11-26 17:46:28.966000+00:00,0.9521484375,2021-11-26 17:46:28.966000+00:00,-0.1434326171875,2021-11-26 17:46:28.966000+00:00,-0.067138671875,2021-11-26 17:46:28.966000+00:00,-0.006103515625,2021-11-26 17:46:28.966000+00:00,0.164794921875,2021-11-26 17:46:28.966000+00:00,0.2960205078125,2021-11-26 17:46:28.966000+00:00,0.1708984375,2021-11-26 17:46:28.966000+00:00,0.7965087890625,2021-11-26 17:46:28.966000+00:00,0.9796142578125,2021-11-26 17:46:28.966000+00:00,0.0213623046875,2021-11-26 17:46:28.966000+00:00,0.1007080078125,2021-11-26 17:46:28.966000+00:00,0.2777099609375,2021-11-26 17:46:28.966000+00:00,0.3662109375,2021-11-26 17:46:28.966000+00:00,-0.0030517578125,2021-11-26 17:46:28.966000+00:00,0.177001953125,2021-11-26 17:46:28.966000+00:00,0.042724609375,2021-11-26 17:46:28.966000+00:00,0.0152587890625,2021-11-26 17:46:28.966000+00:00,227.57568359375,2021-11-26 17:46:28.966000+00:00,26.346918756989133,2021-11-26 17:46:28.966000+00:00,24.50415349780389,2021-11-26 17:46:28.966000+00:00,-31.74999237060547,2021-11-26 17:46:28.966000+00:00
11,23.826936393795044,2021-11-26 17:46:29.032000+00:00,25.025406341088868,2021-11-26 17:46:29.032000+00:00,165.63720703125,2021-11-26 17:46:29.032000+00:00,15.118408203125,2021-11-26 17:46:29.032000+00:00,0.4058837890625,2021-11-26 17:46:29.032000+00:00,0.018310546875,2021-11-26 17:46:29.032000+00:00,0.1861572265625,2021-11-26 17:46:29.032000+00:00,-0.250244140625,2021-11-26 17:46:29.032000+00:00,3.18603515625,2021-11-26 17:46:29.032000+00:00,2.0477294921875,2021-11-26 17:46:29.032000+00:00,-0.3387451171875,2021-11-26 17:46:29.032000+00:00,-0.0274658203125,2021-11-26 17:46:29.032000+00:00,0.7598876953125,2021-11-26 17:46:29.032000+00:00,1.9317626953125,2021-11-26 17:46:29.032000+00:00,0.0823974609375,2021-11-26 17:46:29.032000+00:00,0.6317138671875,2021-11-26 17:46:29.032000+00:00,1.2115478515625,2021-11-26 17:46:29.032000+00:00,-0.0457763671875,2021-11-26 17:46:29.032000+00:00,0.0885009765625,2021-11-26 17:46:29.032000+00:00,-0.1495361328125,2021-11-26 17:46:29.032000+00:00,0.2655029296875,2021-11-26 17:46:29.032000+00:00,0.6622314453125,2021-11-26 17:46:29.032000+00:00,-0.042724609375,2021-11-26 17:46:29.032000+00:00,0.8087158203125,2021-11-26 17:46:29.032000+00:00,0.9063720703125,2021-11-26 17:46:29.032000+00:00,-0.20751953125,2021-11-26 17:46:29.032000+00:00,0.103759765625,2021-11-26 17:46:29.032000+00:00,0.30517578125,2021-11-26 17:46:29.032000+00:00,0.1434326171875,2021-11-26 17:46:29.032000+00:00,-0.225830078125,2021-11-26 17:46:29.032000+00:00,0.1678466796875,2021-11-26 17:46:29.032000+00:00,-0.0885009765625,2021-11-26 17:46:29.032000+00:00,-0.0335693359375,2021-11-26 17:46:29.032000+00:00,227.47802734375,2021-11-26 17:46:29.032000+00:00,26.24394015708618,2021-11-26 17:46:29.032000+00:00,24.438145942807616,2021-11-26 17:46:29.032000+00:00,-31.799991607666016,2021-11-26 17:46:29.033000+00:00
12,23.750996387440523,2021-11-26 17:46:29.099000+00:00,24.992650573626708,2021-11-26 17:46:29.099000+00:00,165.63720703125,2021-11-26 17:46:29.099000+00:00,17.645263671875,2021-11-26 17:46:29.099000+00:00,0.347900390625,2021-11-26 17:46:29.099000+00:00,0.42724609375,2021-11-26 17:46:29.099000+00:00,0.140380859375,2021-11-26 17:46:29.099000+00:00,-0.10986328125,2021-11-26 17:46:29.099000+00:00,2.8656005859375,2021-11-26 17:46:29.099000+00:00,2.044677734375,2021-11-26 17:46:29.099000+00:00,-0.35400390625,2021-11-26 17:46:29.099000+00:00,0.494384765625,2021-11-26 17:46:29.099000+00:00,1.0498046875,2021-11-26 17:46:29.099000+00:00,2.5970458984375,2021-11-26 17:46:29.099000+00:00,0.030517578125,2021-11-26 17:46:29.099000+00:00,0.9307861328125,2021-11-26 17:46:29.099000+00:00,0.970458984375,2021-11-26 17:46:29.099000+00:00,-0.0579833984375,2021-11-26 17:46:29.099000+00:00,0.18310546875,2021-11-26 17:46:29.099000+00:00,-0.0518798828125,2021-11-26 17:46:29.099000+00:00,0.2471923828125,2021-11-26 17:46:29.099000+00:00,0.469970703125,2021-11-26 17:46:29.099000+00:00,-0.0457763671875,2021-11-26 17:46:29.099000+00:00,0.5859375,2021-11-26 17:46:29.099000+00:00,0.8514404296875,2021-11-26 17:46:29.099000+00:00,-0.0640869140625,2021-11-26 17:46:29.099000+00:00,-0.006103515625,2021-11-26 17:46:29.099000+00:00,0.2655029296875,2021-11-26 17:46:29.099000+00:00,0.35400390625,2021-11-26 17:46:29.099000+00:00,0.091552734375,2021-11-26 17:46:29.099000+00:00,0.225830078125,2021-11-26 17:46:29.099000+00:00,-0.0701904296875,2021-11-26 17:46:29.099000+00:00,0.03662109375,2021-11-26 17:46:29.099000+00:00,227.52685546875,2021-11-26 17:46:29.099000+00:00,26.234578466185912,2021-11-26 17:46:29.099000+00:00,24.349112496533568,2021-11-26 17:46:29.099000+00:00,-31.84999084472656,2021-11-26 17:46:29.099000+00:00
13,24.12765881895896,2021-11-26 17:46:29.166000+00:00,25.26779902030884,2021-11-26 17:46:29.166000+00:00,165.63720703125,2021-11-26 17:46:29.166000+00:00,17.071533203125,2021-11-26 17:46:29.166000+00:00,0.6927490234375,2021-11-26 17:46:29.166000+00:00,0.201416015625,2021-11-26 17:46:29.166000+00:00,0.1068115234375,2021-11-26 17:46:29.166000+00:00,-0.2532958984375,2021-11-26 17:46:29.166000+00:00,2.8472900390625,2021-11-26 17:46:29.166000+00:00,2.2003173828125,2021-11-26 17:46:29.166000+00:00,-0.30517578125,2021-11-26 17:46:29.166000+00:00,0.0457763671875,2021-11-26 17:46:29.166000+00:00,0.738525390625,2021-11-26 17:46:29.166000+00:00,1.7547607421875,2021-11-26 17:46:29.166000+00:00,0.09765625,2021-11-26 17:46:29.166000+00:00,1.23291015625,2021-11-26 17:46:29.166000+00:00,1.0040283203125,2021-11-26 17:46:29.166000+00:00,-0.13427734375,2021-11-26 17:46:29.166000+00:00,0.06103515625,2021-11-26 17:46:29.166000+00:00,0.250244140625,2021-11-26 17:46:29.166000+00:00,0.1922607421875,2021-11-26 17:46:29.166000+00:00,0.5828857421875,2021-11-26 17:46:29.166000+00:00,0.1068115234375,2021-11-26 17:46:29.166000+00:00,0.4638671875,2021-11-26 17:46:29.166000+00:00,1.0101318359375,2021-11-26 17:46:29.166000+00:00,-0.0152587890625,2021-11-26 17:46:29.166000+00:00,0.1129150390625,2021-11-26 17:46:29.166000+00:00,0.2471923828125,2021-11-26 17:46:29.166000+00:00,0.360107421875,2021-11-26 17:46:29.166000+00:00,0.128173828125,2021-11-26 17:46:29.166000+00:00,0.1312255859375,2021-11-26 17:46:29.166000+00:00,-0.1617431640625,2021-11-26 17:46:29.166000+00:00,0.13427734375,2021-11-26 17:46:29.166000+00:00,227.5390625,2021-11-26 17:46:29.166000+00:00,26.537273138627928,2021-11-26 17:46:29.166000+00:00,24.72059687581494,2021-11-26 17:46:29.166000+00:00,-31.89999008178711,2021-11-26 17:46:29.166000+00:00
14,23.98489160701245,2021-11-26 17:46:29.232000+00:00,25.123673643475342,2021-11-26 17:46:29.232000+00:00,165.63720703125,2021-11-26 17:46:29.232000+00:00,15.289306640625,2021-11-26 17:46:29.232000+00:00,0.6500244140625,2021-11-26 17:46:29.232000+00:00,0.4058837890625,2021-11-26 17:46:29.232000+00:00,0.0885009765625,2021-11-26 17:46:29.232000+00:00,-0.018310546875,2021-11-26 17:46:29.232000+00:00,2.6458740234375,2021-11-26 17:46:29.232000+00:00,2.008056640625,2021-11-26 17:46:29.232000+00:00,-0.3448486328125,2021-11-26 17:46:29.232000+00:00,0.68359375,2021-11-26 17:46:29.232000+00:00,0.7110595703125,2021-11-26 17:46:29.232000+00:00,1.07421875,2021-11-26 17:46:29.232000+00:00,0.01220703125,2021-11-26 17:46:29.232000+00:00,0.9552001953125,2021-11-26 17:46:29.232000+00:00,1.141357421875,2021-11-26 17:46:29.232000+00:00,-0.0701904296875,2021-11-26 17:46:29.232000+00:00,0.1800537109375,2021-11-26 17:46:29.232000+00:00,0.13427734375,2021-11-26 17:46:29.232000+00:00,0.1708984375,2021-11-26 17:46:29.232000+00:00,0.372314453125,2021-11-26 17:46:29.232000+00:00,0.3387451171875,2021-11-26 17:46:29.232000+00:00,0.628662109375,2021-11-26 17:46:29.232000+00:00,0.87890625,2021-11-26 17:46:29.232000+00:00,-0.0701904296875,2021-11-26 17:46:29.232000+00:00,-0.048828125,2021-11-26 17:46:29.232000+00:00,0.067138671875,2021-11-26 17:46:29.232000+00:00,0.29296875,2021-11-26 17:46:29.232000+00:00,-0.0701904296875,2021-11-26 17:46:29.232000+00:00,0.15869140625,2021-11-26 17:46:29.232000+00:00,-0.0823974609375,2021-11-26 17:46:29.232000+00:00,0.06103515625,2021-11-26 17:46:29.232000+00:00,227.5146484375,2021-11-26 17:46:29.232000+00:00,26.38748608422363,2021-11-26 17:46:29.232000+00:00,24.56248575570758,2021-11-26 17:46:29.232000+00:00,-31.949989318847656,2021-11-26 17:46:29.233000+00:00
15,23.820861193286685,2021-11-26 17:46:29.299000+00:00,24.884556541001587,2021-11-26 17:46:29.299000+00:00,165.63720703125,2021-11-26 17:46:29.299000+00:00,14.95361328125,2021-11-26 17:46:29.299000+00:00,0.384521484375,2021-11-26 17:46:29.299000+00:00,0.35400390625,2021-11-26 17:46:29.299000+00:00,0.2685546875,2021-11-26 17:46:29.299000+00:00,-0.23193359375,2021-11-26 17:46:29.299000+00:00,2.642822265625,2021-11-26 17:46:29.299000+00:00,1.953125,2021-11-26 17:46:29.299000+00:00,-0.469970703125,2021-11-26 17:46:29.299000+00:00,0.37841796875,2021-11-26 17:46:29.299000+00:00,0.79345703125,2021-11-26 17:46:29.299000+00:00,1.4678955078125,2021-11-26 17:46:29.299000+00:00,0.0885009765625,2021-11-26 17:46:29.299000+00:00,1.26953125,2021-11-26 17:46:29.299000+00:00,0.836181640625,2021-11-26 17:46:29.299000+00:00,-0.006103515625,2021-11-26 17:46:29.299000+00:00,0.079345703125,2021-11-26 17:46:29.299000+00:00,0.0396728515625,2021-11-26 17:46:29.299000+00:00,0.1800537109375,2021-11-26 17:46:29.299000+00:00,0.213623046875,2021-11-26 17:46:29.299000+00:00,-0.128173828125,2021-11-26 17:46:29.299000+00:00,0.4730224609375,2021-11-26 17:46:29.299000+00:00,0.6591796875,2021-11-26 17:46:29.299000+00:00,0.0640869140625,2021-11-26 17:46:29.299000+00:00,-0.2532958984375,2021-11-26 17:46:29.299000+00:00,0.28076171875,2021-11-26 17:46:29.299000+00:00,0.3570556640625,2021-11-26 17:46:29.299000+00:00,0.1373291015625,2021-11-26 17:46:29.299000+00:00,0.238037109375,2021-11-26 17:46:29.299000+00:00,0.0640869140625,2021-11-26 17:46:29.299000+00:00,0.15869140625,2021-11-26 17:46:29.299000+00:00,227.6123046875,2021-11-26 17:46:29.299000+00:00,26.119117611749267,2021-11-26 17:46:29.299000+00:00,24.35678779362616,2021-11-26 17:46:29.299000+00:00,-31.999988555908203,2021-11-26 17:46:29.299000+00:00
16,24.12765881895896,2021-11-26 17:46:29.366000+00:00,25.27107459705505,2021-11-26 17:46:29.366000+00:00,165.63720703125,2021-11-26 17:46:29.366000+00:00,15.51513671875,2021-11-26 17:46:29.366000+00:00,0.274658203125,2021-11-26 17:46:29.366000+00:00,0.3875732421875,2021-11-26 17:46:29.366000+00:00,0.0091552734375,2021-11-26 17:46:29.366000+00:00,-0.067138671875,2021-11-26 17:46:29.366000+00:00,2.569580078125,2021-11-26 17:46:29.366000+00:00,2.0599365234375,2021-11-26 17:46:29.366000+00:00,-0.3326416015625,2021-11-26 17:46:29.366000+00:00,-0.03662109375,2021-11-26 17:46:29.366000+00:00,0.6591796875,2021-11-26 17:46:29.366000+00:00,1.91650390625,2021-11-26 17:46:29.366000+00:00,0.2838134765625,2021-11-26 17:46:29.366000+00:00,1.214599609375,2021-11-26 17:46:29.366000+00:00,0.9124755859375,2021-11-26 17:46:29.366000+00:00,0.006103515625,2021-11-26 17:46:29.366000+00:00,0.0518798828125,2021-11-26 17:46:29.366000+00:00,0.15869140625,2021-11-26 17:46:29.366000+00:00,0.1129150390625,2021-11-26 17:46:29.366000+00:00,0.4791259765625,2021-11-26 17:46:29.366000+00:00,-0.0274658203125,2021-11-26 17:46:29.366000+00:00,0.5096435546875,2021-11-26 17:46:29.366000+00:00,0.4486083984375,2021-11-26 17:46:29.366000+00:00,-0.140380859375,2021-11-26 17:46:29.366000+00:00,-0.0762939453125,2021-11-26 17:46:29.366000+00:00,0.2593994140625,2021-11-26 17:46:29.366000+00:00,0.1800537109375,2021-11-26 17:46:29.366000+00:00,0.4974365234375,2021-11-26 17:46:29.366000+00:00,0.2288818359375,2021-11-26 17:46:29.366000+00:00,0.0274658203125,2021-11-26 17:46:29.366000+00:00,0.01220703125,2021-11-26 17:46:29.366000+00:00,227.57568359375,2021-11-26 17:46:29.366000+00:00,26.565358211328736,2021-11-26 17:46:29.366000+00:00,24.671474974422363,2021-11-26 17:46:29.366000+00:00,-32.04998779296875,2021-11-26 17:46:29.366000+00:00
17,24.200561225059296,2021-11-26 17:46:29.432000+00:00,25.29727921102478,2021-11-26 17:46:29.432000+00:00,165.63720703125,2021-11-26 17:46:29.432000+00:00,15.29541015625,2021-11-26 17:46:29.432000+00:00,0.4852294921875,2021-11-26 17:46:29.432000+00:00,0.360107421875,2021-11-26 17:46:29.432000+00:00,0.054931640625,2021-11-26 17:46:29.432000+00:00,-0.0732421875,2021-11-26 17:46:29.432000+00:00,2.52685546875,2021-11-26 17:46:29.432000+00:00,1.7913818359375,2021-11-26 17:46:29.432000+00:00,-0.3326416015625,2021-11-26 17:46:29.432000+00:00,-0.0457763671875,2021-11-26 17:46:29.432000+00:00,0.6988525390625,2021-11-26 17:46:29.432000+00:00,1.739501953125,2021-11-26 17:46:29.432000+00:00,0.146484375,2021-11-26 17:46:29.432000+00:00,1.2908935546875,2021-11-26 17:46:29.432000+00:00,1.0589599609375,2021-11-26 17:46:29.432000+00:00,-0.1129150390625,2021-11-26 17:46:29.432000+00:00,0.323486328125,2021-11-26 17:46:29.432000+00:00,0.3173828125,2021-11-26 17:46:29.432000+00:00,-0.030517578125,2021-11-26 17:46:29.432000+00:00,0.3265380859375,2021-11-26 17:46:29.432000+00:00,-0.0885009765625,2021-11-26 17:46:29.432000+00:00,0.439453125,2021-11-26 17:46:29.432000+00:00,0.7080078125,2021-11-26 17:46:29.432000+00:00,-0.0640869140625,2021-11-26 17:46:29.432000+00:00,-0.0274658203125,2021-11-26 17:46:29.432000+00:00,0.2197265625,2021-11-26 17:46:29.432000+00:00,0.32958984375,2021-11-26 17:46:29.432000+00:00,0.15869140625,2021-11-26 17:46:29.432000+00:00,0.1495361328125,2021-11-26 17:46:29.432000+00:00,0.274658203125,2021-11-26 17:46:29.432000+00:00,0.067138671875,2021-11-26 17:46:29.432000+00:00,227.50244140625,2021-11-26 17:46:29.432000+00:00,26.56847877496216,2021-11-26 17:46:29.432000+00:00,24.746692885929747,2021-11-26 17:46:29.432000+00:00,-32.0999870300293,2021-11-26 17:46:29.433000+00:00
18,24.18841082404257,2021-11-26 17:46:29.499000+00:00,25.24159440633911,2021-11-26 17:46:29.499000+00:00,165.63720703125,2021-11-26 17:46:29.499000+00:00,15.386962890625,2021-11-26 17:46:29.499000+00:00,0.2471923828125,2021-11-26 17:46:29.499000+00:00,0.5035400390625,2021-11-26 17:46:29.499000+00:00,-0.006103515625,2021-11-26 17:46:29.499000+00:00,-0.0640869140625,2021-11-26 17:46:29.499000+00:00,2.44140625,2021-11-26 17:46:29.499000+00:00,1.6632080078125,2021-11-26 17:46:29.499000+00:00,-0.3143310546875,2021-11-26 17:46:29.499000+00:00,0.177001953125,2021-11-26 17:46:29.499000+00:00,0.6591796875,2021-11-26 17:46:29.499000+00:00,1.1871337890625,2021-11-26 17:46:29.499000+00:00,0.140380859375,2021-11-26 17:46:29.499000+00:00,1.1474609375,2021-11-26 17:46:29.499000+00:00,1.0589599609375,2021-11-26 17:46:29.499000+00:00,-0.0518798828125,2021-11-26 17:46:29.499000+00:00,0.3387451171875,2021-11-26 17:46:29.499000+00:00,0.421142578125,2021-11-26 17:46:29.499000+00:00,0.146484375,2021-11-26 17:46:29.499000+00:00,0.341796875,2021-11-26 17:46:29.499000+00:00,0.0244140625,2021-11-26 17:46:29.499000+00:00,0.7476806640625,2021-11-26 17:46:29.499000+00:00,0.7659912109375,2021-11-26 17:46:29.499000+00:00,-0.1556396484375,2021-11-26 17:46:29.499000+00:00,0.1129150390625,2021-11-26 17:46:29.499000+00:00,0.262451171875,2021-11-26 17:46:29.499000+00:00,0.6072998046875,2021-11-26 17:46:29.499000+00:00,0.091552734375,2021-11-26 17:46:29.499000+00:00,-0.03662109375,2021-11-26 17:46:29.499000+00:00,-0.006103515625,2021-11-26 17:46:29.499000+00:00,0.01220703125,2021-11-26 17:46:29.499000+00:00,227.52685546875,2021-11-26 17:46:29.499000+00:00,26.4374151023584,2021-11-26 17:46:29.499000+00:00,24.715991697559385,2021-11-26 17:46:29.499000+00:00,-32.149986267089844,2021-11-26 17:46:29.499000+00:00
19,24.158034821500763,2021-11-26 17:46:29.565000+00:00,25.323483824994508,2021-11-26 17:46:29.565000+00:00,165.63720703125,2021-11-26 17:46:29.565000+00:00,15.05126953125,2021-11-26 17:46:29.565000+00:00,0.3753662109375,2021-11-26 17:46:29.565000+00:00,0.37841796875,2021-11-26 17:46:29.565000+00:00,0.1312255859375,2021-11-26 17:46:29.565000+00:00,0.08544921875,2021-11-26 17:46:29.565000+00:00,2.545166015625,2021-11-26 17:46:29.565000+00:00,2.0782470703125,2021-11-26 17:46:29.565000+00:00,-0.335693359375,2021-11-26 17:46:29.565000+00:00,0.20751953125,2021-11-26 17:46:29.565000+00:00,0.68359375,2021-11-26 17:46:29.565000+00:00,1.153564453125,2021-11-26 17:46:29.565000+00:00,0.0457763671875,2021-11-26 17:46:29.565000+00:00,1.13525390625,2021-11-26 17:46:29.565000+00:00,0.7904052734375,2021-11-26 17:46:29.565000+00:00,-0.091552734375,2021-11-26 17:46:29.565000+00:00,0.1251220703125,2021-11-26 17:46:29.565000+00:00,0.37841796875,2021-11-26 17:46:29.565000+00:00,0.164794921875,2021-11-26 17:46:29.565000+00:00,0.225830078125,2021-11-26 17:46:29.565000+00:00,-0.0091552734375,2021-11-26 17:46:29.565000+00:00,0.592041015625,2021-11-26 17:46:29.565000+00:00,0.7537841796875,2021-11-26 17:46:29.565000+00:00,-0.2777099609375,2021-11-26 17:46:29.565000+00:00,0.1708984375,2021-11-26 17:46:29.565000+00:00,0.30517578125,2021-11-26 17:46:29.565000+00:00,0.50048828125,2021-11-26 17:46:29.565000+00:00,0.2349853515625,2021-11-26 17:46:29.565000+00:00,0.03662109375,2021-11-26 17:46:29.565000+00:00,-0.048828125,2021-11-26 17:46:29.565000+00:00,-0.018310546875,2021-11-26 17:46:29.565000+00:00,227.5390625,2021-11-26 17:46:29.565000+00:00,26.499826375026853,2021-11-26 17:46:29.565000+00:00,24.714456638140867,2021-11-26 17:46:29.565000+00:00,-32.19998550415039,2021-11-26 17:46:29.566000+00:00
20,24.291689232684725,2021-11-26 17:46:29.632000+00:00,25.40864882039612,2021-11-26 17:46:29.632000+00:00,165.63720703125,2021-11-26 17:46:29.632000+00:00,16.741943359375,2021-11-26 17:46:29.632000+00:00,0.6378173828125,2021-11-26 17:46:29.632000+00:00,0.341796875,2021-11-26 17:46:29.632000+00:00,0.3387451171875,2021-11-26 17:46:29.632000+00:00,-0.164794921875,2021-11-26 17:46:29.632000+00:00,2.2216796875,2021-11-26 17:46:29.632000+00:00,1.849365234375,2021-11-26 17:46:29.632000+00:00,-0.4241943359375,2021-11-26 17:46:29.632000+00:00,0.4302978515625,2021-11-26 17:46:29.632000+00:00,1.3336181640625,2021-11-26 17:46:29.632000+00:00,1.312255859375,2021-11-26 17:46:29.632000+00:00,0.06103515625,2021-11-26 17:46:29.632000+00:00,1.5533447265625,2021-11-26 17:46:29.632000+00:00,1.0467529296875,2021-11-26 17:46:29.632000+00:00,-0.0732421875,2021-11-26 17:46:29.632000+00:00,0.2349853515625,2021-11-26 17:46:29.632000+00:00,0.62255859375,2021-11-26 17:46:29.632000+00:00,0.128173828125,2021-11-26 17:46:29.632000+00:00,0.421142578125,2021-11-26 17:46:29.632000+00:00,0.006103515625,2021-11-26 17:46:29.632000+00:00,0.3936767578125,2021-11-26 17:46:29.632000+00:00,0.7781982421875,2021-11-26 17:46:29.632000+00:00,0.1495361328125,2021-11-26 17:46:29.632000+00:00,0.0823974609375,2021-11-26 17:46:29.632000+00:00,0.1434326171875,2021-11-26 17:46:29.632000+00:00,0.1983642578125,2021-11-26 17:46:29.632000+00:00,-0.0244140625,2021-11-26 17:46:29.632000+00:00,0.2197265625,2021-11-26 17:46:29.632000+00:00,-0.0396728515625,2021-11-26 17:46:29.632000+00:00,0.146484375,2021-11-26 17:46:29.632000+00:00,227.57568359375,2021-11-26 17:46:29.632000+00:00,26.69954244756592,2021-11-26 17:46:29.632000+00:00,24.837261391622317,2021-11-26 17:46:29.632000+00:00,-32.24998474121094,2021-11-26 17:46:29.633000+00:00
21,24.072982014383697,2021-11-26 17:46:29.699000+00:00,25.1760828714148,2021-11-26 17:46:29.699000+00:00,165.63720703125,2021-11-26 17:46:29.699000+00:00,15.4541015625,2021-11-26 17:46:29.699000+00:00,0.3753662109375,2021-11-26 17:46:29.699000+00:00,0.42724609375,2021-11-26 17:46:29.699000+00:00,0.1434326171875,2021-11-26 17:46:29.699000+00:00,-0.1617431640625,2021-11-26 17:46:29.699000+00:00,2.203369140625,2021-11-26 17:46:29.699000+00:00,1.6021728515625,2021-11-26 17:46:29.699000+00:00,-0.1617431640625,2021-11-26 17:46:29.699000+00:00,0.3387451171875,2021-11-26 17:46:29.699000+00:00,0.5401611328125,2021-11-26 17:46:29.699000+00:00,1.617431640625,2021-11-26 17:46:29.699000+00:00,0.103759765625,2021-11-26 17:46:29.699000+00:00,1.3885498046875,2021-11-26 17:46:29.699000+00:00,0.9613037109375,2021-11-26 17:46:29.699000+00:00,-0.054931640625,2021-11-26 17:46:29.699000+00:00,0.29296875,2021-11-26 17:46:29.699000+00:00,0.4791259765625,2021-11-26 17:46:29.699000+00:00,0.1708984375,2021-11-26 17:46:29.699000+00:00,0.2105712890625,2021-11-26 17:46:29.699000+00:00,-0.0457763671875,2021-11-26 17:46:29.699000+00:00,0.5340576171875,2021-11-26 17:46:29.699000+00:00,0.689697265625,2021-11-26 17:46:29.699000+00:00,0.0396728515625,2021-11-26 17:46:29.699000+00:00,-0.0823974609375,2021-11-26 17:46:29.699000+00:00,0.1617431640625,2021-11-26 17:46:29.699000+00:00,0.3936767578125,2021-11-26 17:46:29.699000+00:00,0.1068115234375,2021-11-26 17:46:29.699000+00:00,0.152587890625,2021-11-26 17:46:29.699000+00:00,0.0213623046875,2021-11-26 17:46:29.699000+00:00,0.0732421875,2021-11-26 17:46:29.699000+00:00,227.5146484375,2021-11-26 17:46:29.699000+00:00,26.39060664785705,2021-11-26 17:46:29.699000+00:00,24.594722003496457,2021-11-26 17:46:29.699000+00:00,-32.299983978271484,2021-11-26 17:46:29.699000+00:00
22,24.446606845647956,2021-11-26 17:46:29.765000+00:00,25.41519997388855,2021-11-26 17:46:29.765000+00:00,165.63720703125,2021-11-26 17:46:29.765000+00:00,14.2822265625,2021-11-26 17:46:29.765000+00:00,0.1953125,2021-11-26 17:46:29.765000+00:00,0.445556640625,2021-11-26 17:46:29.765000+00:00,0.0640869140625,2021-11-26 17:46:29.765000+00:00,-0.18310546875,2021-11-26 17:46:29.765000+00:00,2.13623046875,2021-11-26 17:46:29.765000+00:00,1.85546875,2021-11-26 17:46:29.765000+00:00,-0.3173828125,2021-11-26 17:46:29.765000+00:00,-0.0030517578125,2021-11-26 17:46:29.765000+00:00,0.4241943359375,2021-11-26 17:46:29.765000+00:00,0.860595703125,2021-11-26 17:46:29.765000+00:00,-0.103759765625,2021-11-26 17:46:29.765000+00:00,1.580810546875,2021-11-26 17:46:29.765000+00:00,0.89111328125,2021-11-26 17:46:29.765000+00:00,-0.115966796875,2021-11-26 17:46:29.765000+00:00,0.128173828125,2021-11-26 17:46:29.765000+00:00,0.59814453125,2021-11-26 17:46:29.765000+00:00,0.189208984375,2021-11-26 17:46:29.765000+00:00,0.189208984375,2021-11-26 17:46:29.765000+00:00,0.0946044921875,2021-11-26 17:46:29.765000+00:00,0.6439208984375,2021-11-26 17:46:29.765000+00:00,0.69580078125,2021-11-26 17:46:29.765000+00:00,-0.0579833984375,2021-11-26 17:46:29.765000+00:00,0.140380859375,2021-11-26 17:46:29.765000+00:00,0.3509521484375,2021-11-26 17:46:29.765000+00:00,0.40283203125,2021-11-26 17:46:29.765000+00:00,0.262451171875,2021-11-26 17:46:29.765000+00:00,0.1739501953125,2021-11-26 17:46:29.765000+00:00,0.0946044921875,2021-11-26 17:46:29.765000+00:00,0.0274658203125,2021-11-26 17:46:29.765000+00:00,227.4658203125,2021-11-26 17:46:29.765000+00:00,26.64025173853088,2021-11-26 17:46:29.765000+00:00,24.8019550249964,2021-11-26 17:46:29.765000+00:00,-32.34998321533203,2021-11-26 17:46:29.766000+00:00
23,24.40408044208942,2021-11-26 17:46:29.832000+00:00,25.382444206426392,2021-11-26 17:46:29.832000+00:00,165.63720703125,2021-11-26 17:46:29.832000+00:00,13.0126953125,2021-11-26 17:46:29.832000+00:00,0.4302978515625,2021-11-26 17:46:29.832000+00:00,0.5828857421875,2021-11-26 17:46:29.832000+00:00,0.1312255859375,2021-11-26 17:46:29.832000+00:00,-0.15869140625,2021-11-26 17:46:29.832000+00:00,1.89208984375,2021-11-26 17:46:29.832000+00:00,1.62353515625,2021-11-26 17:46:29.832000+00:00,-0.323486328125,2021-11-26 17:46:29.832000+00:00,0.1373291015625,2021-11-26 17:46:29.832000+00:00,0.5615234375,2021-11-26 17:46:29.832000+00:00,0.830078125,2021-11-26 17:46:29.832000+00:00,0.103759765625,2021-11-26 17:46:29.832000+00:00,1.5533447265625,2021-11-26 17:46:29.832000+00:00,1.0498046875,2021-11-26 17:46:29.832000+00:00,-0.2410888671875,2021-11-26 17:46:29.832000+00:00,0.177001953125,2021-11-26 17:46:29.832000+00:00,0.286865234375,2021-11-26 17:46:29.832000+00:00,0.1068115234375,2021-11-26 17:46:29.832000+00:00,0.189208984375,2021-11-26 17:46:29.832000+00:00,-0.006103515625,2021-11-26 17:46:29.832000+00:00,0.225830078125,2021-11-26 17:46:29.832000+00:00,0.8148193359375,2021-11-26 17:46:29.832000+00:00,-0.2410888671875,2021-11-26 17:46:29.832000+00:00,-0.0518798828125,2021-11-26 17:46:29.832000+00:00,0.213623046875,2021-11-26 17:46:29.832000+00:00,0.29296875,2021-11-26 17:46:29.832000+00:00,0.0823974609375,2021-11-26 17:46:29.832000+00:00,0.3631591796875,2021-11-26 17:46:29.832000+00:00,-0.006103515625,2021-11-26 17:46:29.832000+00:00,0.0274658203125,2021-11-26 17:46:29.832000+00:00,227.47802734375,2021-11-26 17:46:29.832000+00:00,26.755712592967527,2021-11-26 17:46:29.832000+00:00,24.858752223481567,2021-11-26 17:46:29.832000+00:00,-32.39998245239258,2021-11-26 17:46:29.833000+00:00
24,24.252200429380373,2021-11-26 17:46:29.899000+00:00,25.29072805753235,2021-11-26 17:46:29.899000+00:00,165.63720703125,2021-11-26 17:46:29.899000+00:00,14.129638671875,2021-11-26 17:46:29.899000+00:00,0.4058837890625,2021-11-26 17:46:29.899000+00:00,0.4119873046875,2021-11-26 17:46:29.899000+00:00,0.0885009765625,2021-11-26 17:46:29.899000+00:00,-0.2899169921875,2021-11-26 17:46:29.899000+00:00,2.1240234375,2021-11-26 17:46:29.899000+00:00,1.6815185546875,2021-11-26 17:46:29.899000+00:00,-0.3875732421875,2021-11-26 17:46:29.899000+00:00,0.408935546875,2021-11-26 17:46:29.899000+00:00,0.3753662109375,2021-11-26 17:46:29.899000+00:00,1.220703125,2021-11-26 17:46:29.899000+00:00,-0.13427734375,2021-11-26 17:46:29.899000+00:00,1.9256591796875,2021-11-26 17:46:29.899000+00:00,0.9033203125,2021-11-26 17:46:29.899000+00:00,-0.08544921875,2021-11-26 17:46:29.899000+00:00,0.2227783203125,2021-11-26 17:46:29.899000+00:00,0.7080078125,2021-11-26 17:46:29.899000+00:00,-0.1251220703125,2021-11-26 17:46:29.899000+00:00,0.2532958984375,2021-11-26 17:46:29.899000+00:00,0.042724609375,2021-11-26 17:46:29.899000+00:00,0.3662109375,2021-11-26 17:46:29.899000+00:00,0.59814453125,2021-11-26 17:46:29.899000+00:00,-0.048828125,2021-11-26 17:46:29.899000+00:00,0.0,2021-11-26 17:46:29.899000+00:00,0.2227783203125,2021-11-26 17:46:29.899000+00:00,0.4119873046875,2021-11-26 17:46:29.899000+00:00,0.01220703125,2021-11-26 17:46:29.899000+00:00,0.1129150390625,2021-11-26 17:46:29.899000+00:00,0.2410888671875,2021-11-26 17:46:29.899000+00:00,0.115966796875,2021-11-26 17:46:29.899000+00:00,227.4658203125,2021-11-26 17:46:29.899000+00:00,26.549755393161615,2021-11-26 17:46:29.899000+00:00,24.75590324244085,2021-11-26 17:46:29.899000+00:00,-32.449981689453125,2021-11-26 17:46:29.899000+00:00
25,24.17626042302585,2021-11-26 17:46:29.965000+00:00,25.22849209935425,2021-11-26 17:46:29.965000+00:00,165.63720703125,2021-11-26 17:46:29.965000+00:00,15.203857421875,2021-11-26 17:46:29.965000+00:00,0.3387451171875,2021-11-26 17:46:29.965000+00:00,0.3509521484375,2021-11-26 17:46:29.965000+00:00,0.18310546875,2021-11-26 17:46:29.965000+00:00,-0.0518798828125,2021-11-26 17:46:29.965000+00:00,1.9012451171875,2021-11-26 17:46:29.965000+00:00,1.55029296875,2021-11-26 17:46:29.965000+00:00,-0.244140625,2021-11-26 17:46:29.965000+00:00,0.1861572265625,2021-11-26 17:46:29.965000+00:00,0.30517578125,2021-11-26 17:46:29.965000+00:00,0.7049560546875,2021-11-26 17:46:29.965000+00:00,-0.030517578125,2021-11-26 17:46:29.965000+00:00,2.1636962890625,2021-11-26 17:46:29.965000+00:00,0.994873046875,2021-11-26 17:46:29.965000+00:00,-0.0457763671875,2021-11-26 17:46:29.965000+00:00,0.262451171875,2021-11-26 17:46:29.965000+00:00,0.9918212890625,2021-11-26 17:46:29.965000+00:00,0.140380859375,2021-11-26 17:46:29.965000+00:00,0.164794921875,2021-11-26 17:46:29.965000+00:00,0.030517578125,2021-11-26 17:46:29.965000+00:00,0.567626953125,2021-11-26 17:46:29.965000+00:00,0.799560546875,2021-11-26 17:46:29.965000+00:00,0.2349853515625,2021-11-26 17:46:29.965000+00:00,0.0762939453125,2021-11-26 17:46:29.965000+00:00,0.1068115234375,2021-11-26 17:46:29.965000+00:00,0.4150390625,2021-11-26 17:46:29.965000+00:00,0.09765625,2021-11-26 17:46:29.965000+00:00,0.1373291015625,2021-11-26 17:46:29.965000+00:00,-0.054931640625,2021-11-26 17:46:29.965000+00:00,0.0885009765625,2021-11-26 17:46:29.965000+00:00,227.5146484375,2021-11-26 17:46:29.965000+00:00,26.55287595679504,2021-11-26 17:46:29.965000+00:00,24.65151920198163,2021-11-26 17:46:29.965000+00:00,-32.49998092651367,2021-11-26 17:46:29.966000+00:00
26,24.51343405123993,2021-11-26 17:46:30.032000+00:00,25.40864882039612,2021-11-26 17:46:30.032000+00:00,165.63720703125,2021-11-26 17:46:30.032000+00:00,13.641357421875,2021-11-26 17:46:30.032000+00:00,0.372314453125,2021-11-26 17:46:30.032000+00:00,0.3326416015625,2021-11-26 17:46:30.032000+00:00,0.152587890625,2021-11-26 17:46:30.032000+00:00,-0.0244140625,2021-11-26 17:46:30.032000+00:00,1.702880859375,2021-11-26 17:46:30.032000+00:00,1.4251708984375,2021-11-26 17:46:30.032000+00:00,-0.2349853515625,2021-11-26 17:46:30.032000+00:00,0.15869140625,2021-11-26 17:46:30.032000+00:00,0.42724609375,2021-11-26 17:46:30.032000+00:00,0.40283203125,2021-11-26 17:46:30.032000+00:00,-0.2105712890625,2021-11-26 17:46:30.032000+00:00,1.98974609375,2021-11-26 17:46:30.032000+00:00,1.043701171875,2021-11-26 17:46:30.032000+00:00,0.0701904296875,2021-11-26 17:46:30.032000+00:00,0.20751953125,2021-11-26 17:46:30.032000+00:00,0.78125,2021-11-26 17:46:30.032000+00:00,0.146484375,2021-11-26 17:46:30.032000+00:00,0.1922607421875,2021-11-26 17:46:30.032000+00:00,0.08544921875,2021-11-26 17:46:30.032000+00:00,0.604248046875,2021-11-26 17:46:30.032000+00:00,0.848388671875,2021-11-26 17:46:30.032000+00:00,-0.0823974609375,2021-11-26 17:46:30.032000+00:00,0.0701904296875,2021-11-26 17:46:30.032000+00:00,0.03662109375,2021-11-26 17:46:30.032000+00:00,0.5462646484375,2021-11-26 17:46:30.032000+00:00,0.1251220703125,2021-11-26 17:46:30.032000+00:00,0.1495361328125,2021-11-26 17:46:30.032000+00:00,0.09765625,2021-11-26 17:46:30.032000+00:00,0.3265380859375,2021-11-26 17:46:30.032000+00:00,227.52685546875,2021-11-26 17:46:30.032000+00:00,26.818123865635982,2021-11-26 17:46:30.032000+00:00,24.9723466204519,2021-11-26 17:46:30.032000+00:00,-32.54998016357422,2021-11-26 17:46:30.032000+00:00
27,24.094245216162964,2021-11-26 17:46:30.099000+00:00,25.221940945861817,2021-11-26 17:46:30.099000+00:00,165.63720703125,2021-11-26 17:46:30.099000+00:00,15.777587890625,2021-11-26 17:46:30.099000+00:00,0.42724609375,2021-11-26 17:46:30.099000+00:00,0.3875732421875,2021-11-26 17:46:30.099000+00:00,0.1922607421875,2021-11-26 17:46:30.099000+00:00,-0.128173828125,2021-11-26 17:46:30.099000+00:00,1.5350341796875,2021-11-26 17:46:30.099000+00:00,1.7913818359375,2021-11-26 17:46:30.099000+00:00,-0.360107421875,2021-11-26 17:46:30.099000+00:00,0.86669921875,2021-11-26 17:46:30.099000+00:00,0.4669189453125,2021-11-26 17:46:30.099000+00:00,0.286865234375,2021-11-26 17:46:30.099000+00:00,0.0579833984375,2021-11-26 17:46:30.099000+00:00,2.386474609375,2021-11-26 17:46:30.099000+00:00,0.9185791015625,2021-11-26 17:46:30.099000+00:00,-0.213623046875,2021-11-26 17:46:30.099000+00:00,0.323486328125,2021-11-26 17:46:30.099000+00:00,1.1810302734375,2021-11-26 17:46:30.099000+00:00,-0.0152587890625,2021-11-26 17:46:30.099000+00:00,0.189208984375,2021-11-26 17:46:30.099000+00:00,0.0244140625,2021-11-26 17:46:30.099000+00:00,0.86669921875,2021-11-26 17:46:30.099000+00:00,0.750732421875,2021-11-26 17:46:30.099000+00:00,-0.103759765625,2021-11-26 17:46:30.099000+00:00,0.146484375,2021-11-26 17:46:30.099000+00:00,0.1251220703125,2021-11-26 17:46:30.099000+00:00,0.4058837890625,2021-11-26 17:46:30.099000+00:00,0.3631591796875,2021-11-26 17:46:30.099000+00:00,0.2777099609375,2021-11-26 17:46:30.099000+00:00,0.0946044921875,2021-11-26 17:46:30.099000+00:00,0.054931640625,2021-11-26 17:46:30.099000+00:00,227.47802734375,2021-11-26 17:46:30.099000+00:00,26.531032011361084,2021-11-26 17:46:30.099000+00:00,24.679150271514956,2021-11-26 17:46:30.099000+00:00,-32.599979400634766,2021-11-26 17:46:30.099000+00:00
28,24.315990034718173,2021-11-26 17:46:30.165000+00:00,25.39227093666504,2021-11-26 17:46:30.165000+00:00,165.63720703125,2021-11-26 17:46:30.165000+00:00,16.61376953125,2021-11-26 17:46:30.165000+00:00,0.6011962890625,2021-11-26 17:46:30.165000+00:00,0.5126953125,2021-11-26 17:46:30.165000+00:00,0.1617431640625,2021-11-26 17:46:30.165000+00:00,0.079345703125,2021-11-26 17:46:30.165000+00:00,2.06298828125,2021-11-26 17:46:30.165000+00:00,1.739501953125,2021-11-26 17:46:30.165000+00:00,-0.30517578125,2021-11-26 17:46:30.165000+00:00,0.1220703125,2021-11-26 17:46:30.165000+00:00,0.555419921875,2021-11-26 17:46:30.165000+00:00,0.8056640625,2021-11-26 17:46:30.165000+00:00,0.164794921875,2021-11-26 17:46:30.165000+00:00,2.03857421875,2021-11-26 17:46:30.165000+00:00,1.031494140625,2021-11-26 17:46:30.165000+00:00,-0.08544921875,2021-11-26 17:46:30.165000+00:00,0.4302978515625,2021-11-26 17:46:30.165000+00:00,0.946044921875,2021-11-26 17:46:30.165000+00:00,0.2197265625,2021-11-26 17:46:30.165000+00:00,0.030517578125,2021-11-26 17:46:30.165000+00:00,0.0701904296875,2021-11-26 17:46:30.165000+00:00,0.3387451171875,2021-11-26 17:46:30.165000+00:00,0.848388671875,2021-11-26 17:46:30.165000+00:00,0.0640869140625,2021-11-26 17:46:30.165000+00:00,0.0946044921875,2021-11-26 17:46:30.165000+00:00,0.2716064453125,2021-11-26 17:46:30.165000+00:00,0.4547119140625,2021-11-26 17:46:30.165000+00:00,0.0885009765625,2021-11-26 17:46:30.165000+00:00,0.152587890625,2021-11-26 17:46:30.165000+00:00,-0.128173828125,2021-11-26 17:46:30.165000+00:00,0.1922607421875,2021-11-26 17:46:30.165000+00:00,227.57568359375,2021-11-26 17:46:30.165000+00:00,26.67145737486511,2021-11-26 17:46:30.165000+00:00,24.792744668485287,2021-11-26 17:46:30.165000+00:00,-32.64997863769531,2021-11-26 17:46:30.166000+00:00
29,24.14284682022986,2021-11-26 17:46:30.232000+00:00,25.356239592456664,2021-11-26 17:46:30.232000+00:00,165.63720703125,2021-11-26 17:46:30.232000+00:00,16.85791015625,2021-11-26 17:46:30.232000+00:00,0.5035400390625,2021-11-26 17:46:30.232000+00:00,0.299072265625,2021-11-26 17:46:30.232000+00:00,0.2655029296875,2021-11-26 17:46:30.232000+00:00,-0.25634765625,2021-11-26 17:46:30.232000+00:00,1.94091796875,2021-11-26 17:46:30.232000+00:00,1.708984375,2021-11-26 17:46:30.232000+00:00,-0.5218505859375,2021-11-26 17:46:30.232000+00:00,0.506591796875,2021-11-26 17:46:30.232000+00:00,0.4486083984375,2021-11-26 17:46:30.232000+00:00,0.823974609375,2021-11-26 17:46:30.232000+00:00,0.06103515625,2021-11-26 17:46:30.232000+00:00,2.42919921875,2021-11-26 17:46:30.232000+00:00,1.123046875,2021-11-26 17:46:30.232000+00:00,-0.1495361328125,2021-11-26 17:46:30.232000+00:00,0.3875732421875,2021-11-26 17:46:30.232000+00:00,1.1627197265625,2021-11-26 17:46:30.232000+00:00,0.152587890625,2021-11-26 17:46:30.232000+00:00,0.23193359375,2021-11-26 17:46:30.232000+00:00,0.0885009765625,2021-11-26 17:46:30.232000+00:00,0.5096435546875,2021-11-26 17:46:30.232000+00:00,0.9674072265625,2021-11-26 17:46:30.232000+00:00,-0.1007080078125,2021-11-26 17:46:30.232000+00:00,0.0579833984375,2021-11-26 17:46:30.232000+00:00,0.238037109375,2021-11-26 17:46:30.232000+00:00,0.4730224609375,2021-11-26 17:46:30.232000+00:00,0.1312255859375,2021-11-26 17:46:30.232000+00:00,0.3021240234375,2021-11-26 17:46:30.232000+00:00,-0.0152587890625,2021-11-26 17:46:30.232000+00:00,0.06103515625,2021-11-26 17:46:30.232000+00:00,227.5146484375,2021-11-26 17:46:30.232000+00:00,26.48734412049316,2021-11-26 17:46:30.232000+00:00,24.646914023726072,2021-11-26 17:46:30.232000+00:00,-32.69997787475586,2021-11-26 17:46:30.232000+00:00
30,24.30991483420981,2021-11-26 17:46:30.298000+00:00,25.14005152720642,2021-11-26 17:46:30.298000+00:00,165.63720703125,2021-11-26 17:46:30.298000+00:00,15.008544921875,2021-11-26 17:46:30.298000+00:00,0.3143310546875,2021-11-26 17:46:30.298000+00:00,0.3875732421875,2021-11-26 17:46:30.298000+00:00,-0.0213623046875,2021-11-26 17:46:30.298000+00:00,-0.2044677734375,2021-11-26 17:46:30.298000+00:00,1.4404296875,2021-11-26 17:46:30.298000+00:00,1.5838623046875,2021-11-26 17:46:30.298000+00:00,-0.3814697265625,2021-11-26 17:46:30.298000+00:00,0.18310546875,2021-11-26 17:46:30.298000+00:00,0.40283203125,2021-11-26 17:46:30.298000+00:00,0.1129150390625,2021-11-26 17:46:30.298000+00:00,-0.128173828125,2021-11-26 17:46:30.298000+00:00,2.3406982421875,2021-11-26 17:46:30.298000+00:00,1.1566162109375,2021-11-26 17:46:30.298000+00:00,-0.042724609375,2021-11-26 17:46:30.298000+00:00,0.2410888671875,2021-11-26 17:46:30.298000+00:00,1.0589599609375,2021-11-26 17:46:30.298000+00:00,0.10986328125,2021-11-26 17:46:30.298000+00:00,0.390625,2021-11-26 17:46:30.298000+00:00,0.0396728515625,2021-11-26 17:46:30.298000+00:00,0.6500244140625,2021-11-26 17:46:30.298000+00:00,1.1474609375,2021-11-26 17:46:30.298000+00:00,-0.079345703125,2021-11-26 17:46:30.298000+00:00,0.067138671875,2021-11-26 17:46:30.298000+00:00,0.482177734375,2021-11-26 17:46:30.298000+00:00,0.3692626953125,2021-11-26 17:46:30.298000+00:00,0.1922607421875,2021-11-26 17:46:30.298000+00:00,0.469970703125,2021-11-26 17:46:30.298000+00:00,-0.0579833984375,2021-11-26 17:46:30.298000+00:00,0.1678466796875,2021-11-26 17:46:30.298000+00:00,227.5634765625,2021-11-26 17:46:30.298000+00:00,26.4374151023584,2021-11-26 17:46:30.298000+00:00,24.62542319186682,2021-11-26 17:46:30.298000+00:00,-32.749977111816406,2021-11-26 17:46:30.299000+00:00
31,24.224862027092744,2021-11-26 17:46:30.365000+00:00,25.182634024907227,2021-11-26 17:46:30.365000+00:00,165.63720703125,2021-11-26 17:46:30.365000+00:00,16.6748046875,2021-11-26 17:46:30.365000+00:00,0.40283203125,2021-11-26 17:46:30.365000+00:00,0.3204345703125,2021-11-26 17:46:30.365000+00:00,0.4852294921875,2021-11-26 17:46:30.365000+00:00,-0.146484375,2021-11-26 17:46:30.365000+00:00,1.5838623046875,2021-11-26 17:46:30.365000+00:00,1.2847900390625,2021-11-26 17:46:30.365000+00:00,-0.0579833984375,2021-11-26 17:46:30.365000+00:00,0.372314453125,2021-11-26 17:46:30.365000+00:00,0.6011962890625,2021-11-26 17:46:30.365000+00:00,0.323486328125,2021-11-26 17:46:30.365000+00:00,0.1312255859375,2021-11-26 17:46:30.365000+00:00,2.642822265625,2021-11-26 17:46:30.365000+00:00,1.1993408203125,2021-11-26 17:46:30.365000+00:00,0.01220703125,2021-11-26 17:46:30.365000+00:00,0.45166015625,2021-11-26 17:46:30.365000+00:00,1.5167236328125,2021-11-26 17:46:30.365000+00:00,0.10986328125,2021-11-26 17:46:30.365000+00:00,0.1495361328125,2021-11-26 17:46:30.365000+00:00,-0.091552734375,2021-11-26 17:46:30.365000+00:00,0.762939453125,2021-11-26 17:46:30.365000+00:00,1.25732421875,2021-11-26 17:46:30.365000+00:00,-0.177001953125,2021-11-26 17:46:30.365000+00:00,0.1953125,2021-11-26 17:46:30.365000+00:00,0.2716064453125,2021-11-26 17:46:30.365000+00:00,0.311279296875,2021-11-26 17:46:30.365000+00:00,0.1007080078125,2021-11-26 17:46:30.365000+00:00,0.1220703125,2021-11-26 17:46:30.365000+00:00,0.01220703125,2021-11-26 17:46:30.365000+00:00,0.08544921875,2021-11-26 17:46:30.365000+00:00,227.52685546875,2021-11-26 17:46:30.365000+00:00,26.40620946602417,2021-11-26 17:46:30.365000+00:00,24.65612438023718,2021-11-26 17:46:30.365000+00:00,-32.79997634887695,2021-11-26 17:46:30.366000+00:00
32,24.27042603090546,2021-11-26 17:46:30.432000+00:00,25.520018429767457,2021-11-26 17:46:30.432000+00:00,165.63720703125,2021-11-26 17:46:30.432000+00:00,17.401123046875,2021-11-26 17:46:30.432000+00:00,0.29296875,2021-11-26 17:46:30.432000+00:00,0.335693359375,2021-11-26 17:46:30.432000+00:00,0.1220703125,2021-11-26 17:46:30.432000+00:00,-0.0274658203125,2021-11-26 17:46:30.432000+00:00,1.7547607421875,2021-11-26 17:46:30.432000+00:00,1.300048828125,2021-11-26 17:46:30.432000+00:00,-0.4058837890625,2021-11-26 17:46:30.432000+00:00,0.6866455078125,2021-11-26 17:46:30.432000+00:00,0.5584716796875,2021-11-26 17:46:30.432000+00:00,0.3997802734375,2021-11-26 17:46:30.432000+00:00,-0.018310546875,2021-11-26 17:46:30.432000+00:00,3.02734375,2021-11-26 17:46:30.432000+00:00,1.3214111328125,2021-11-26 17:46:30.432000+00:00,-0.1007080078125,2021-11-26 17:46:30.432000+00:00,0.2777099609375,2021-11-26 17:46:30.432000+00:00,1.5106201171875,2021-11-26 17:46:30.432000+00:00,0.0213623046875,2021-11-26 17:46:30.432000+00:00,0.3143310546875,2021-11-26 17:46:30.432000+00:00,-0.0152587890625,2021-11-26 17:46:30.432000+00:00,0.89111328125,2021-11-26 17:46:30.432000+00:00,1.1932373046875,2021-11-26 17:46:30.432000+00:00,-0.079345703125,2021-11-26 17:46:30.432000+00:00,0.1129150390625,2021-11-26 17:46:30.432000+00:00,0.2227783203125,2021-11-26 17:46:30.432000+00:00,0.4852294921875,2021-11-26 17:46:30.432000+00:00,0.0885009765625,2021-11-26 17:46:30.432000+00:00,-0.0640869140625,2021-11-26 17:46:30.432000+00:00,0.1983642578125,2021-11-26 17:46:30.432000+00:00,0.140380859375,2021-11-26 17:46:30.432000+00:00,227.50244140625,2021-11-26 17:46:30.432000+00:00,26.736989211166996,2021-11-26 17:46:30.432000+00:00,24.83112115394824,2021-11-26 17:46:30.432000+00:00,-32.8499755859375,2021-11-26 17:46:30.432000+00:00
33,24.240050028363648,2021-11-26 17:46:30.498000+00:00,25.32020824824829,2021-11-26 17:46:30.498000+00:00,165.63720703125,2021-11-26 17:46:30.498000+00:00,17.7001953125,2021-11-26 17:46:30.498000+00:00,0.50048828125,2021-11-26 17:46:30.498000+00:00,0.347900390625,2021-11-26 17:46:30.498000+00:00,0.006103515625,2021-11-26 17:46:30.498000+00:00,-0.5706787109375,2021-11-26 17:46:30.498000+00:00,1.46484375,2021-11-26 17:46:30.498000+00:00,1.1505126953125,2021-11-26 17:46:30.498000+00:00,-0.2716064453125,2021-11-26 17:46:30.498000+00:00,0.4425048828125,2021-11-26 17:46:30.498000+00:00,0.40283203125,2021-11-26 17:46:30.498000+00:00,0.42724609375,2021-11-26 17:46:30.498000+00:00,-0.128173828125,2021-11-26 17:46:30.498000+00:00,3.350830078125,2021-11-26 17:46:30.498000+00:00,1.3458251953125,2021-11-26 17:46:30.498000+00:00,0.0640869140625,2021-11-26 17:46:30.498000+00:00,0.445556640625,2021-11-26 17:46:30.498000+00:00,1.7608642578125,2021-11-26 17:46:30.498000+00:00,0.2960205078125,2021-11-26 17:46:30.498000+00:00,0.1983642578125,2021-11-26 17:46:30.498000+00:00,0.1983642578125,2021-11-26 17:46:30.498000+00:00,0.9857177734375,2021-11-26 17:46:30.498000+00:00,1.3946533203125,2021-11-26 17:46:30.498000+00:00,-0.128173828125,2021-11-26 17:46:30.498000+00:00,0.0640869140625,2021-11-26 17:46:30.498000+00:00,0.1251220703125,2021-11-26 17:46:30.498000+00:00,0.433349609375,2021-11-26 17:46:30.498000+00:00,0.1861572265625,2021-11-26 17:46:30.498000+00:00,0.0823974609375,2021-11-26 17:46:30.498000+00:00,-0.0701904296875,2021-11-26 17:46:30.498000+00:00,0.03662109375,2021-11-26 17:46:30.498000+00:00,227.50244140625,2021-11-26 17:46:30.498000+00:00,26.58408159312927,2021-11-26 17:46:30.498000+00:00,24.754368183022336,2021-11-26 17:46:30.498000+00:00,-32.89997482299805,2021-11-26 17:46:30.499000+00:00
34,24.34029083675162,2021-11-26 17:46:30.565000+00:00,25.349688438964236,2021-11-26 17:46:30.565000+00:00,165.63720703125,2021-11-26 17:46:30.565000+00:00,19.110107421875,2021-11-26 17:46:30.565000+00:00,0.360107421875,2021-11-26 17:46:30.565000+00:00,0.311279296875,2021-11-26 17:46:30.565000+00:00,0.2349853515625,2021-11-26 17:46:30.565000+00:00,-0.1220703125,2021-11-26 17:46:30.565000+00:00,1.6448974609375,2021-11-26 17:46:30.565000+00:00,1.5380859375,2021-11-26 17:46:30.565000+00:00,-0.3143310546875,2021-11-26 17:46:30.565000+00:00,0.250244140625,2021-11-26 17:46:30.565000+00:00,0.4974365234375,2021-11-26 17:46:30.565000+00:00,0.213623046875,2021-11-26 17:46:30.565000+00:00,0.0732421875,2021-11-26 17:46:30.565000+00:00,3.509521484375,2021-11-26 17:46:30.565000+00:00,1.300048828125,2021-11-26 17:46:30.565000+00:00,-0.006103515625,2021-11-26 17:46:30.565000+00:00,0.54931640625,2021-11-26 17:46:30.565000+00:00,1.67236328125,2021-11-26 17:46:30.565000+00:00,0.1678466796875,2021-11-26 17:46:30.565000+00:00,0.15869140625,2021-11-26 17:46:30.565000+00:00,0.09765625,2021-11-26 17:46:30.565000+00:00,1.3336181640625,2021-11-26 17:46:30.565000+00:00,1.64794921875,2021-11-26 17:46:30.565000+00:00,0.0030517578125,2021-11-26 17:46:30.565000+00:00,0.0732421875,2021-11-26 17:46:30.565000+00:00,0.390625,2021-11-26 17:46:30.565000+00:00,0.2716064453125,2021-11-26 17:46:30.565000+00:00,0.1220703125,2021-11-26 17:46:30.565000+00:00,-0.03662109375,2021-11-26 17:46:30.565000+00:00,-0.0274658203125,2021-11-26 17:46:30.565000+00:00,0.2166748046875,2021-11-26 17:46:30.565000+00:00,227.50244140625,2021-11-26 17:46:30.565000+00:00,26.58408159312927,2021-11-26 17:46:30.565000+00:00,24.78813949022973,2021-11-26 17:46:30.565000+00:00,-32.949974060058594,2021-11-26 17:46:30.566000+00:00
35,24.36762923903925,2021-11-26 17:46:30.632000+00:00,25.382444206426392,2021-11-26 17:46:30.632000+00:00,165.63720703125,2021-11-26 17:46:30.632000+00:00,17.00439453125,2021-11-26 17:46:30.632000+00:00,0.3875732421875,2021-11-26 17:46:30.632000+00:00,0.3448486328125,2021-11-26 17:46:30.632000+00:00,-0.1434326171875,2021-11-26 17:46:30.632000+00:00,-0.152587890625,2021-11-26 17:46:30.632000+00:00,1.3885498046875,2021-11-26 17:46:30.632000+00:00,1.3946533203125,2021-11-26 17:46:30.632000+00:00,-0.1739501953125,2021-11-26 17:46:30.632000+00:00,0.213623046875,2021-11-26 17:46:30.632000+00:00,0.4608154296875,2021-11-26 17:46:30.632000+00:00,0.3631591796875,2021-11-26 17:46:30.632000+00:00,-0.0335693359375,2021-11-26 17:46:30.632000+00:00,2.880859375,2021-11-26 17:46:30.632000+00:00,1.3702392578125,2021-11-26 17:46:30.632000+00:00,-0.0518798828125,2021-11-26 17:46:30.632000+00:00,0.3509521484375,2021-11-26 17:46:30.632000+00:00,1.611328125,2021-11-26 17:46:30.632000+00:00,0.1922607421875,2021-11-26 17:46:30.632000+00:00,0.2288818359375,2021-11-26 17:46:30.632000+00:00,0.042724609375,2021-11-26 17:46:30.632000+00:00,0.8575439453125,2021-11-26 17:46:30.632000+00:00,1.2908935546875,2021-11-26 17:46:30.632000+00:00,-0.048828125,2021-11-26 17:46:30.632000+00:00,0.372314453125,2021-11-26 17:46:30.632000+00:00,0.3936767578125,2021-11-26 17:46:30.632000+00:00,0.48828125,2021-11-26 17:46:30.632000+00:00,0.103759765625,2021-11-26 17:46:30.632000+00:00,0.13427734375,2021-11-26 17:46:30.632000+00:00,0.128173828125,2021-11-26 17:46:30.632000+00:00,0.1007080078125,2021-11-26 17:46:30.632000+00:00,227.490234375,2021-11-26 17:46:30.632000+00:00,26.63089004763061,2021-11-26 17:46:30.632000+00:00,24.811165381507507,2021-11-26 17:46:30.632000+00:00,-32.99997329711914,2021-11-26 17:46:30.632000+00:00
36,24.255238029634555,2021-11-26 17:46:30.698000+00:00,25.307105941263423,2021-11-26 17:46:30.698000+00:00,165.63720703125,2021-11-26 17:46:30.698000+00:00,20.1171875,2021-11-26 17:46:30.698000+00:00,0.23193359375,2021-11-26 17:46:30.698000+00:00,0.64697265625,2021-11-26 17:46:30.698000+00:00,0.079345703125,2021-11-26 17:46:30.698000+00:00,-0.3143310546875,2021-11-26 17:46:30.698000+00:00,1.4923095703125,2021-11-26 17:46:30.698000+00:00,1.434326171875,2021-11-26 17:46:30.698000+00:00,-0.2716064453125,2021-11-26 17:46:30.698000+00:00,0.311279296875,2021-11-26 17:46:30.698000+00:00,0.4730224609375,2021-11-26 17:46:30.698000+00:00,0.20751953125,2021-11-26 17:46:30.698000+00:00,-0.0030517578125,2021-11-26 17:46:30.698000+00:00,3.5186767578125,2021-11-26 17:46:30.698000+00:00,1.42822265625,2021-11-26 17:46:30.698000+00:00,0.0244140625,2021-11-26 17:46:30.698000+00:00,0.50048828125,2021-11-26 17:46:30.698000+00:00,2.33154296875,2021-11-26 17:46:30.698000+00:00,0.213623046875,2021-11-26 17:46:30.698000+00:00,0.25634765625,2021-11-26 17:46:30.698000+00:00,0.0823974609375,2021-11-26 17:46:30.698000+00:00,1.2664794921875,2021-11-26 17:46:30.698000+00:00,1.7242431640625,2021-11-26 17:46:30.698000+00:00,-0.42724609375,2021-11-26 17:46:30.698000+00:00,0.238037109375,2021-11-26 17:46:30.698000+00:00,0.3448486328125,2021-11-26 17:46:30.698000+00:00,0.4669189453125,2021-11-26 17:46:30.698000+00:00,0.2349853515625,2021-11-26 17:46:30.698000+00:00,0.30517578125,2021-11-26 17:46:30.698000+00:00,0.1312255859375,2021-11-26 17:46:30.698000+00:00,0.1251220703125,2021-11-26 17:46:30.698000+00:00,227.52685546875,2021-11-26 17:46:30.698000+00:00,26.499826375026853,2021-11-26 17:46:30.698000+00:00,24.72980723232605,2021-11-26 17:46:30.698000+00:00,-33.04997253417969,2021-11-26 17:46:30.699000+00:00
37,24.13373401946732,2021-11-26 17:46:30.765000+00:00,25.169531717922364,2021-11-26 17:46:30.765000+00:00,165.63720703125,2021-11-26 17:46:30.765000+00:00,18.98193359375,2021-11-26 17:46:30.765000+00:00,0.3021240234375,2021-11-26 17:46:30.765000+00:00,0.45166015625,2021-11-26 17:46:30.765000+00:00,-0.13427734375,2021-11-26 17:46:30.765000+00:00,-0.1190185546875,2021-11-26 17:46:30.765000+00:00,1.2908935546875,2021-11-26 17:46:30.765000+00:00,1.1383056640625,2021-11-26 17:46:30.765000+00:00,-0.3143310546875,2021-11-26 17:46:30.765000+00:00,0.3143310546875,2021-11-26 17:46:30.765000+00:00,0.4638671875,2021-11-26 17:46:30.765000+00:00,0.054931640625,2021-11-26 17:46:30.765000+00:00,-0.03662109375,2021-11-26 17:46:30.765000+00:00,3.7872314453125,2021-11-26 17:46:30.765000+00:00,1.4801025390625,2021-11-26 17:46:30.765000+00:00,0.0823974609375,2021-11-26 17:46:30.765000+00:00,0.531005859375,2021-11-26 17:46:30.765000+00:00,2.655029296875,2021-11-26 17:46:30.765000+00:00,0.201416015625,2021-11-26 17:46:30.765000+00:00,0.3021240234375,2021-11-26 17:46:30.765000+00:00,-0.0518798828125,2021-11-26 17:46:30.765000+00:00,1.068115234375,2021-11-26 17:46:30.765000+00:00,1.6632080078125,2021-11-26 17:46:30.765000+00:00,-0.0244140625,2021-11-26 17:46:30.765000+00:00,0.0823974609375,2021-11-26 17:46:30.765000+00:00,0.0823974609375,2021-11-26 17:46:30.765000+00:00,0.494384765625,2021-11-26 17:46:30.765000+00:00,0.1220703125,2021-11-26 17:46:30.765000+00:00,0.042724609375,2021-11-26 17:46:30.765000+00:00,0.164794921875,2021-11-26 17:46:30.765000+00:00,-0.0244140625,2021-11-26 17:46:30.765000+00:00,227.5146484375,2021-11-26 17:46:30.765000+00:00,26.384365520590208,2021-11-26 17:46:30.765000+00:00,24.60239730058905,2021-11-26 17:46:30.765000+00:00,-33.099971771240234,2021-11-26 17:46:30.765000+00:00
38,24.334215636243258,2021-11-26 17:46:30.832000+00:00,25.352964015710448,2021-11-26 17:46:30.832000+00:00,165.63720703125,2021-11-26 17:46:30.832000+00:00,19.81201171875,2021-11-26 17:46:30.832000+00:00,0.3570556640625,2021-11-26 17:46:30.832000+00:00,0.6072998046875,2021-11-26 17:46:30.832000+00:00,0.323486328125,2021-11-26 17:46:30.832000+00:00,0.1861572265625,2021-11-26 17:46:30.832000+00:00,1.40380859375,2021-11-26 17:46:30.832000+00:00,1.30615234375,2021-11-26 17:46:30.832000+00:00,-0.390625,2021-11-26 17:46:30.832000+00:00,0.6134033203125,2021-11-26 17:46:30.832000+00:00,0.506591796875,2021-11-26 17:46:30.832000+00:00,0.0030517578125,2021-11-26 17:46:30.832000+00:00,-0.091552734375,2021-11-26 17:46:30.832000+00:00,3.1768798828125,2021-11-26 17:46:30.832000+00:00,1.580810546875,2021-11-26 17:46:30.832000+00:00,-0.09765625,2021-11-26 17:46:30.832000+00:00,0.6927490234375,2021-11-26 17:46:30.832000+00:00,2.2003173828125,2021-11-26 17:46:30.832000+00:00,0.0640869140625,2021-11-26 17:46:30.832000+00:00,0.0335693359375,2021-11-26 17:46:30.832000+00:00,0.18310546875,2021-11-26 17:46:30.832000+00:00,1.1138916015625,2021-11-26 17:46:30.832000+00:00,1.751708984375,2021-11-26 17:46:30.832000+00:00,-0.15869140625,2021-11-26 17:46:30.832000+00:00,0.1953125,2021-11-26 17:46:30.832000+00:00,0.4638671875,2021-11-26 17:46:30.832000+00:00,0.45166015625,2021-11-26 17:46:30.832000+00:00,0.2227783203125,2021-11-26 17:46:30.832000+00:00,0.0457763671875,2021-11-26 17:46:30.832000+00:00,-0.0762939453125,2021-11-26 17:46:30.832000+00:00,0.01220703125,2021-11-26 17:46:30.832000+00:00,227.52685546875,2021-11-26 17:46:30.832000+00:00,26.555996520428465,2021-11-26 17:46:30.832000+00:00,24.785069371392694,2021-11-26 17:46:30.832000+00:00,-33.14997100830078,2021-11-26 17:46:30.832000+00:00
39,24.167147622263307,2021-11-26 17:46:30.898000+00:00,25.208838638876955,2021-11-26 17:46:30.898000+00:00,165.63720703125,2021-11-26 17:46:30.898000+00:00,18.76220703125,2021-11-26 17:46:30.898000+00:00,0.3814697265625,2021-11-26 17:46:30.898000+00:00,0.2532958984375,2021-11-26 17:46:30.898000+00:00,0.1312255859375,2021-11-26 17:46:30.898000+00:00,-0.177001953125,2021-11-26 17:46:30.898000+00:00,1.4739990234375,2021-11-26 17:46:30.898000+00:00,1.1077880859375,2021-11-26 17:46:30.898000+00:00,-0.347900390625,2021-11-26 17:46:30.898000+00:00,0.640869140625,2021-11-26 17:46:30.898000+00:00,0.4669189453125,2021-11-26 17:46:30.898000+00:00,-0.18310546875,2021-11-26 17:46:30.898000+00:00,-0.0823974609375,2021-11-26 17:46:30.898000+00:00,3.43017578125,2021-11-26 17:46:30.898000+00:00,1.617431640625,2021-11-26 17:46:30.898000+00:00,-0.048828125,2021-11-26 17:46:30.898000+00:00,0.421142578125,2021-11-26 17:46:30.898000+00:00,2.5146484375,2021-11-26 17:46:30.898000+00:00,0.28076171875,2021-11-26 17:46:30.898000+00:00,0.0396728515625,2021-11-26 17:46:30.898000+00:00,0.06103515625,2021-11-26 17:46:30.898000+00:00,1.0040283203125,2021-11-26 17:46:30.898000+00:00,1.6265869140625,2021-11-26 17:46:30.898000+00:00,-0.128173828125,2021-11-26 17:46:30.898000+00:00,0.0579833984375,2021-11-26 17:46:30.898000+00:00,0.2685546875,2021-11-26 17:46:30.898000+00:00,0.6378173828125,2021-11-26 17:46:30.898000+00:00,0.0640869140625,2021-11-26 17:46:30.898000+00:00,0.213623046875,2021-11-26 17:46:30.898000+00:00,0.01220703125,2021-11-26 17:46:30.898000+00:00,0.1190185546875,2021-11-26 17:46:30.898000+00:00,227.5146484375,2021-11-26 17:46:30.898000+00:00,26.41557115692444,2021-11-26 17:46:30.898000+00:00,24.64998414256311,2021-11-26 17:46:30.898000+00:00,-33.19997024536133,2021-11-26 17:46:30.899000+00:00
40,23.854274796082677,2021-11-26 17:46:30.965000+00:00,24.917312308463742,2021-11-26 17:46:30.965000+00:00,165.63720703125,2021-11-26 17:46:30.965000+00:00,21.0205078125,2021-11-26 17:46:30.965000+00:00,0.6439208984375,2021-11-26 17:46:30.965000+00:00,0.274658203125,2021-11-26 17:46:30.965000+00:00,0.1739501953125,2021-11-26 17:46:30.965000+00:00,-0.1495361328125,2021-11-26 17:46:30.965000+00:00,1.1810302734375,2021-11-26 17:46:30.965000+00:00,1.129150390625,2021-11-26 17:46:30.965000+00:00,-0.47607421875,2021-11-26 17:46:30.965000+00:00,0.78125,2021-11-26 17:46:30.965000+00:00,0.3814697265625,2021-11-26 17:46:30.965000+00:00,-0.018310546875,2021-11-26 17:46:30.965000+00:00,-0.054931640625,2021-11-26 17:46:30.965000+00:00,4.0313720703125,2021-11-26 17:46:30.965000+00:00,1.5350341796875,2021-11-26 17:46:30.965000+00:00,0.3326416015625,2021-11-26 17:46:30.965000+00:00,0.5584716796875,2021-11-26 17:46:30.965000+00:00,2.86865234375,2021-11-26 17:46:30.965000+00:00,0.030517578125,2021-11-26 17:46:30.965000+00:00,0.225830078125,2021-11-26 17:46:30.965000+00:00,0.189208984375,2021-11-26 17:46:30.965000+00:00,1.263427734375,2021-11-26 17:46:30.965000+00:00,1.678466796875,2021-11-26 17:46:30.965000+00:00,-0.08544921875,2021-11-26 17:46:30.965000+00:00,0.0732421875,2021-11-26 17:46:30.965000+00:00,0.439453125,2021-11-26 17:46:30.965000+00:00,0.4058837890625,2021-11-26 17:46:30.965000+00:00,0.018310546875,2021-11-26 17:46:30.965000+00:00,0.1220703125,2021-11-26 17:46:30.965000+00:00,0.1617431640625,2021-11-26 17:46:30.965000+00:00,0.0518798828125,2021-11-26 17:46:30.965000+00:00,227.45361328125,2021-11-26 17:46:30.965000+00:00,26.07230915724792,2021-11-26 17:46:30.965000+00:00,24.30766589223358,2021-11-26 17:46:30.965000+00:00,-33.249969482421875,2021-11-26 17:46:30.965000+00:00
41,24.255238029634555,2021-11-26 17:46:31.032000+00:00,25.244869983085326,2021-11-26 17:46:31.032000+00:00,165.63720703125,2021-11-26 17:46:31.032000+00:00,18.536376953125,2021-11-26 17:46:31.032000+00:00,0.4669189453125,2021-11-26 17:46:31.032000+00:00,0.30517578125,2021-11-26 17:46:31.032000+00:00,0.054931640625,2021-11-26 17:46:31.032000+00:00,-0.3692626953125,2021-11-26 17:46:31.032000+00:00,1.1932373046875,2021-11-26 17:46:31.032000+00:00,1.4190673828125,2021-11-26 17:46:31.032000+00:00,-0.32958984375,2021-11-26 17:46:31.032000+00:00,0.40283203125,2021-11-26 17:46:31.032000+00:00,0.5615234375,2021-11-26 17:46:31.032000+00:00,-0.0885009765625,2021-11-26 17:46:31.032000+00:00,0.042724609375,2021-11-26 17:46:31.032000+00:00,3.6285400390625,2021-11-26 17:46:31.032000+00:00,1.5869140625,2021-11-26 17:46:31.032000+00:00,-0.0457763671875,2021-11-26 17:46:31.032000+00:00,0.286865234375,2021-11-26 17:46:31.032000+00:00,2.4871826171875,2021-11-26 17:46:31.032000+00:00,-0.1434326171875,2021-11-26 17:46:31.032000+00:00,0.3509521484375,2021-11-26 17:46:31.032000+00:00,0.0091552734375,2021-11-26 17:46:31.032000+00:00,1.1016845703125,2021-11-26 17:46:31.032000+00:00,1.4068603515625,2021-11-26 17:46:31.032000+00:00,0.1220703125,2021-11-26 17:46:31.032000+00:00,-0.0244140625,2021-11-26 17:46:31.032000+00:00,0.3570556640625,2021-11-26 17:46:31.032000+00:00,0.37841796875,2021-11-26 17:46:31.032000+00:00,0.1129150390625,2021-11-26 17:46:31.032000+00:00,0.1190185546875,2021-11-26 17:46:31.032000+00:00,0.0213623046875,2021-11-26 17:46:31.032000+00:00,0.006103515625,2021-11-26 17:46:31.032000+00:00,227.44140625,2021-11-26 17:46:31.032000+00:00,26.565358211328736,2021-11-26 17:46:31.032000+00:00,24.68989568744458,2021-11-26 17:46:31.032000+00:00,-33.29996871948242,2021-11-26 17:46:31.032000+00:00
42,24.036530811333527,2021-11-26 17:46:31.098000+00:00,25.028681917835083,2021-11-26 17:46:31.098000+00:00,165.63720703125,2021-11-26 17:46:31.098000+00:00,21.356201171875,2021-11-26 17:46:31.098000+00:00,0.6011962890625,2021-11-26 17:46:31.098000+00:00,0.3173828125,2021-11-26 17:46:31.098000+00:00,0.0274658203125,2021-11-26 17:46:31.098000+00:00,-0.1190185546875,2021-11-26 17:46:31.098000+00:00,1.0406494140625,2021-11-26 17:46:31.098000+00:00,1.092529296875,2021-11-26 17:46:31.098000+00:00,-0.2655029296875,2021-11-26 17:46:31.098000+00:00,0.4547119140625,2021-11-26 17:46:31.098000+00:00,0.5462646484375,2021-11-26 17:46:31.098000+00:00,-0.1434326171875,2021-11-26 17:46:31.098000+00:00,-0.1220703125,2021-11-26 17:46:31.098000+00:00,3.582763671875,2021-11-26 17:46:31.098000+00:00,1.7974853515625,2021-11-26 17:46:31.098000+00:00,-0.140380859375,2021-11-26 17:46:31.098000+00:00,0.5584716796875,2021-11-26 17:46:31.098000+00:00,2.4658203125,2021-11-26 17:46:31.098000+00:00,0.3448486328125,2021-11-26 17:46:31.098000+00:00,0.42724609375,2021-11-26 17:46:31.098000+00:00,0.1617431640625,2021-11-26 17:46:31.098000+00:00,1.495361328125,2021-11-26 17:46:31.098000+00:00,1.837158203125,2021-11-26 17:46:31.098000+00:00,0.08544921875,2021-11-26 17:46:31.098000+00:00,0.0579833984375,2021-11-26 17:46:31.098000+00:00,0.640869140625,2021-11-26 17:46:31.098000+00:00,0.7293701171875,2021-11-26 17:46:31.098000+00:00,0.2593994140625,2021-11-26 17:46:31.098000+00:00,0.213623046875,2021-11-26 17:46:31.098000+00:00,0.0701904296875,2021-11-26 17:46:31.098000+00:00,0.0732421875,2021-11-26 17:46:31.098000+00:00,227.490234375,2021-11-26 17:46:31.098000+00:00,26.30323086612121,2021-11-26 17:46:31.098000+00:00,24.48419772536316,2021-11-26 17:46:31.098000+00:00,-33.34996795654297,2021-11-26 17:46:31.099000+00:00
