idx,L:RFQPAH,L:RFQPAH Timestamp,L:D7TOR,L:D7TOR Timestamp,L:TO3IN,L:TO3IN Timestamp,L:TO5OUT,L:TO5OUT Timestamp,L:RFBPAH,L:RFBPAH Timestamp,L:TO1IN,L:TO1IN Timestamp,L:D7LMSM,L:D7LMSM Timestamp,L:D00LM,L:D00LM Timestamp,L:D11LM,L:D11LM Timestamp,L:D12LM,L:D12LM Timestamp,L:D13LM,L:D13LM Timestamp,L:D14LM,L:D14LM Timestamp,L:D21LM,L:D21LM Timestamp,L:D22LM,L:D22LM Timestamp,L:D23LM,L:D23LM Timestamp,L:D24LM,L:D24LM Timestamp,L:D31LM,L:D31LM Timestamp,L:D32LM,L:D32LM Timestamp,L:D33LM,L:D33LM Timestamp,L:D34LM,L:D34LM Timestamp,L:D41LM,L:D41LM Timestamp,L:D42LM,L:D42LM Timestamp,L:D43LM,L:D43LM Timestamp,L:D44LM,L:D44LM Timestamp,L:D51LM,L:D51LM Timestamp,L:D52LM,L:D52LM Timestamp,L:D53LM,L:D53LM Timestamp,L:D54LM,L:D54LM Timestamp,L:D61LM,L:D61LM Timestamp,L:D62LM,L:D62LM Timestamp,L:D63LM,L:D63LM Timestamp,L:D64LM,L:D64LM Timestamp,L:D71LM,L:D71LM Timestamp,L:D72LM,L:D72LM Timestamp,L:D73LM,L:D73LM Timestamp,L:D74LM,L:D74LM Timestamp,L:V5QSET,L:V5QSET Timestamp
0,165.63720703125,2021-11-26 17:42:42.230000+00:00,24.352441237768343,2021-11-26 17:42:42.230000+00:00,25.254696713323973,2021-11-26 17:42:42.230000+00:00,24.752833123603818,2021-11-26 17:42:42.230000+00:00,227.227294921875,2021-11-26 17:42:42.230000+00:00,26.61216666583008,2021-11-26 17:42:42.230000+00:00,14.923095703125,2021-11-26 17:42:42.230000+00:00,0.518798828125,2021-11-26 17:42:42.230000+00:00,0.341796875,2021-11-26 17:42:42.230000+00:00,0.048828125,2021-11-26 17:42:42.230000+00:00,-0.0946044921875,2021-11-26 17:42:42.230000+00:00,2.1514892578125,2021-11-26 17:42:42.230000+00:00,1.5899658203125,2021-11-26 17:42:42.230000+00:00,0.2166748046875,2021-11-26 17:42:42.230000+00:00,0.5279541015625,2021-11-26 17:42:42.230000+00:00,0.10986328125,2021-11-26 17:42:42.230000+00:00,1.5594482421875,2021-11-26 17:42:42.230000+00:00,0.1708984375,2021-11-26 17:42:42.230000+00:00,1.6204833984375,2021-11-26 17:42:42.230000+00:00,0.738525390625,2021-11-26 17:42:42.230000+00:00,0.0213623046875,2021-11-26 17:42:42.230000+00:00,0.347900390625,2021-11-26 17:42:42.230000+00:00,0.6011962890625,2021-11-26 17:42:42.230000+00:00,-0.067138671875,2021-11-26 17:42:42.230000+00:00,0.0640869140625,2021-11-26 17:42:42.230000+00:00,0.1312255859375,2021-11-26 17:42:42.230000+00:00,0.469970703125,2021-11-26 17:42:42.230000+00:00,0.750732421875,2021-11-26 17:42:42.230000+00:00,0.08544921875,2021-11-26 17:42:42.230000+00:00,-0.262451171875,2021-11-26 17:42:42.230000+00:00,0.1953125,2021-11-26 17:42:42.230000+00:00,0.640869140625,2021-11-26 17:42:42.230000+00:00,0.3509521484375,2021-11-26 17:42:42.230000+00:00,0.164794921875,2021-11-26 17:42:42.230000+00:00,-0.0244140625,2021-11-26 17:42:42.230000+00:00,0.244140625,2021-11-26 17:42:42.230000+00:00,-32.29999542236328,2021-11-26 17:42:42.230000+00:00
1,165.63720703125,2021-11-26 17:42:42.296000+00:00,24.19752362480512,2021-11-26 17:42:42.296000+00:00,25.33658613197937,2021-11-26 17:42:42.296000+00:00,24.731342291744568,2021-11-26 17:42:42.296000+00:00,229.1949462890625,2021-11-26 17:42:42.296000+00:00,26.596563847662964,2021-11-26 17:42:42.296000+00:00,16.546630859375,2021-11-26 17:42:42.296000+00:00,0.6439208984375,2021-11-26 17:42:42.296000+00:00,0.4150390625,2021-11-26 17:42:42.296000+00:00,-0.2044677734375,2021-11-26 17:42:42.296000+00:00,-0.0885009765625,2021-11-26 17:42:42.296000+00:00,3.1158447265625,2021-11-26 17:42:42.296000+00:00,2.2064208984375,2021-11-26 17:42:42.296000+00:00,0.030517578125,2021-11-26 17:42:42.296000+00:00,0.469970703125,2021-11-26 17:42:42.296000+00:00,0.189208984375,2021-11-26 17:42:42.296000+00:00,1.2725830078125,2021-11-26 17:42:42.296000+00:00,0.238037109375,2021-11-26 17:42:42.296000+00:00,1.3275146484375,2021-11-26 17:42:42.296000+00:00,0.872802734375,2021-11-26 17:42:42.296000+00:00,0.1922607421875,2021-11-26 17:42:42.296000+00:00,0.146484375,2021-11-26 17:42:42.296000+00:00,0.28076171875,2021-11-26 17:42:42.296000+00:00,0.0091552734375,2021-11-26 17:42:42.296000+00:00,0.0701904296875,2021-11-26 17:42:42.296000+00:00,0.103759765625,2021-11-26 17:42:42.296000+00:00,0.5340576171875,2021-11-26 17:42:42.296000+00:00,0.946044921875,2021-11-26 17:42:42.296000+00:00,0.1617431640625,2021-11-26 17:42:42.296000+00:00,0.0732421875,2021-11-26 17:42:42.296000+00:00,0.1251220703125,2021-11-26 17:42:42.296000+00:00,0.64697265625,2021-11-26 17:42:42.296000+00:00,0.286865234375,2021-11-26 17:42:42.296000+00:00,0.37841796875,2021-11-26 17:42:42.296000+00:00,0.0396728515625,2021-11-26 17:42:42.296000+00:00,0.1495361328125,2021-11-26 17:42:42.296000+00:00,-32.29999542236328,2021-11-26 17:42:42.297000+00:00
2,165.63720703125,2021-11-26 17:42:42.363000+00:00,24.20359882531348,2021-11-26 17:42:42.363000+00:00,25.346412862218017,2021-11-26 17:42:42.363000+00:00,24.752833123603818,2021-11-26 17:42:42.363000+00:00,229.08563232421875,2021-11-26 17:42:42.363000+00:00,26.662095683964843,2021-11-26 17:42:42.363000+00:00,14.959716796875,2021-11-26 17:42:42.363000+00:00,0.640869140625,2021-11-26 17:42:42.363000+00:00,0.2685546875,2021-11-26 17:42:42.363000+00:00,0.048828125,2021-11-26 17:42:42.363000+00:00,-0.2532958984375,2021-11-26 17:42:42.363000+00:00,3.1768798828125,2021-11-26 17:42:42.363000+00:00,2.2308349609375,2021-11-26 17:42:42.363000+00:00,-0.115966796875,2021-11-26 17:42:42.363000+00:00,0.6927490234375,2021-11-26 17:42:42.363000+00:00,0.32958984375,2021-11-26 17:42:42.363000+00:00,0.9002685546875,2021-11-26 17:42:42.363000+00:00,0.03662109375,2021-11-26 17:42:42.363000+00:00,1.092529296875,2021-11-26 17:42:42.363000+00:00,0.787353515625,2021-11-26 17:42:42.363000+00:00,0.0396728515625,2021-11-26 17:42:42.363000+00:00,0.054931640625,2021-11-26 17:42:42.363000+00:00,0.335693359375,2021-11-26 17:42:42.363000+00:00,0.1129150390625,2021-11-26 17:42:42.363000+00:00,0.1434326171875,2021-11-26 17:42:42.363000+00:00,0.048828125,2021-11-26 17:42:42.363000+00:00,0.537109375,2021-11-26 17:42:42.363000+00:00,1.025390625,2021-11-26 17:42:42.363000+00:00,0.0244140625,2021-11-26 17:42:42.363000+00:00,-0.0244140625,2021-11-26 17:42:42.363000+00:00,0.2227783203125,2021-11-26 17:42:42.363000+00:00,0.52490234375,2021-11-26 17:42:42.363000+00:00,0.4486083984375,2021-11-26 17:42:42.363000+00:00,0.3204345703125,2021-11-26 17:42:42.363000+00:00,-0.0885009765625,2021-11-26 17:42:42.363000+00:00,0.1800537109375,2021-11-26 17:42:42.363000+00:00,-32.29999542236328,2021-11-26 17:42:42.363000+00:00
3,165.63720703125,2021-11-26 17:42:42.430000+00:00,24.212711626076025,2021-11-26 17:42:42.430000+00:00,25.20228748538452,2021-11-26 17:42:42.430000+00:00,24.709851459885314,2021-11-26 17:42:42.430000+00:00,228.976318359375,2021-11-26 17:42:42.430000+00:00,26.587202156762693,2021-11-26 17:42:42.430000+00:00,14.58740234375,2021-11-26 17:42:42.430000+00:00,0.5279541015625,2021-11-26 17:42:42.430000+00:00,-0.0518798828125,2021-11-26 17:42:42.430000+00:00,0.03662109375,2021-11-26 17:42:42.430000+00:00,0.01220703125,2021-11-26 17:42:42.430000+00:00,2.6580810546875,2021-11-26 17:42:42.430000+00:00,2.117919921875,2021-11-26 17:42:42.430000+00:00,-0.1007080078125,2021-11-26 17:42:42.430000+00:00,0.787353515625,2021-11-26 17:42:42.430000+00:00,0.244140625,2021-11-26 17:42:42.430000+00:00,1.26953125,2021-11-26 17:42:42.430000+00:00,0.2166748046875,2021-11-26 17:42:42.430000+00:00,1.3763427734375,2021-11-26 17:42:42.430000+00:00,0.62255859375,2021-11-26 17:42:42.430000+00:00,0.018310546875,2021-11-26 17:42:42.430000+00:00,-0.1953125,2021-11-26 17:42:42.430000+00:00,0.13427734375,2021-11-26 17:42:42.430000+00:00,0.1434326171875,2021-11-26 17:42:42.430000+00:00,0.0640869140625,2021-11-26 17:42:42.430000+00:00,0.0030517578125,2021-11-26 17:42:42.430000+00:00,0.5767822265625,2021-11-26 17:42:42.430000+00:00,0.714111328125,2021-11-26 17:42:42.430000+00:00,0.0396728515625,2021-11-26 17:42:42.430000+00:00,-0.030517578125,2021-11-26 17:42:42.430000+00:00,0.1251220703125,2021-11-26 17:42:42.430000+00:00,0.6927490234375,2021-11-26 17:42:42.430000+00:00,0.4913330078125,2021-11-26 17:42:42.430000+00:00,0.372314453125,2021-11-26 17:42:42.430000+00:00,0.0091552734375,2021-11-26 17:42:42.430000+00:00,0.06103515625,2021-11-26 17:42:42.430000+00:00,-32.29999542236328,2021-11-26 17:42:42.430000+00:00
4,165.63720703125,2021-11-26 17:42:42.496000+00:00,24.291689232684725,2021-11-26 17:42:42.496000+00:00,25.248145559831546,2021-11-26 17:42:42.496000+00:00,24.805025143833436,2021-11-26 17:42:42.496000+00:00,228.86700439453125,2021-11-26 17:42:42.496000+00:00,26.665216247598263,2021-11-26 17:42:42.496000+00:00,16.473388671875,2021-11-26 17:42:42.496000+00:00,0.52490234375,2021-11-26 17:42:42.496000+00:00,0.20751953125,2021-11-26 17:42:42.496000+00:00,-0.0640869140625,2021-11-26 17:42:42.496000+00:00,-0.1739501953125,2021-11-26 17:42:42.496000+00:00,2.960205078125,2021-11-26 17:42:42.496000+00:00,2.20947265625,2021-11-26 17:42:42.496000+00:00,-0.2197265625,2021-11-26 17:42:42.496000+00:00,0.628662109375,2021-11-26 17:42:42.496000+00:00,0.4638671875,2021-11-26 17:42:42.496000+00:00,1.324462890625,2021-11-26 17:42:42.496000+00:00,0.115966796875,2021-11-26 17:42:42.496000+00:00,1.23291015625,2021-11-26 17:42:42.496000+00:00,0.8453369140625,2021-11-26 17:42:42.496000+00:00,0.250244140625,2021-11-26 17:42:42.496000+00:00,0.0457763671875,2021-11-26 17:42:42.496000+00:00,0.408935546875,2021-11-26 17:42:42.496000+00:00,0.1190185546875,2021-11-26 17:42:42.496000+00:00,0.0823974609375,2021-11-26 17:42:42.496000+00:00,0.0701904296875,2021-11-26 17:42:42.496000+00:00,0.7232666015625,2021-11-26 17:42:42.496000+00:00,0.9002685546875,2021-11-26 17:42:42.496000+00:00,0.2166748046875,2021-11-26 17:42:42.496000+00:00,0.1190185546875,2021-11-26 17:42:42.496000+00:00,0.2593994140625,2021-11-26 17:42:42.496000+00:00,0.6561279296875,2021-11-26 17:42:42.496000+00:00,0.2960205078125,2021-11-26 17:42:42.496000+00:00,0.30517578125,2021-11-26 17:42:42.496000+00:00,-0.1068115234375,2021-11-26 17:42:42.496000+00:00,0.2838134765625,2021-11-26 17:42:42.496000+00:00,-32.29999542236328,2021-11-26 17:42:42.497000+00:00
5,165.63720703125,2021-11-26 17:42:42.563000+00:00,24.16411002200913,2021-11-26 17:42:42.563000+00:00,25.33658613197937,2021-11-26 17:42:42.563000+00:00,24.76050842069641,2021-11-26 17:42:42.563000+00:00,228.7576904296875,2021-11-26 17:42:42.563000+00:00,26.621528356730344,2021-11-26 17:42:42.563000+00:00,17.37060546875,2021-11-26 17:42:42.563000+00:00,0.4180908203125,2021-11-26 17:42:42.563000+00:00,0.518798828125,2021-11-26 17:42:42.563000+00:00,0.091552734375,2021-11-26 17:42:42.563000+00:00,-0.1678466796875,2021-11-26 17:42:42.563000+00:00,2.9754638671875,2021-11-26 17:42:42.563000+00:00,2.11181640625,2021-11-26 17:42:42.563000+00:00,-0.0244140625,2021-11-26 17:42:42.563000+00:00,0.40283203125,2021-11-26 17:42:42.563000+00:00,0.1251220703125,2021-11-26 17:42:42.563000+00:00,1.4068603515625,2021-11-26 17:42:42.563000+00:00,0.3448486328125,2021-11-26 17:42:42.563000+00:00,1.220703125,2021-11-26 17:42:42.563000+00:00,0.8148193359375,2021-11-26 17:42:42.563000+00:00,0.1953125,2021-11-26 17:42:42.563000+00:00,0.0457763671875,2021-11-26 17:42:42.563000+00:00,0.30517578125,2021-11-26 17:42:42.563000+00:00,0.03662109375,2021-11-26 17:42:42.563000+00:00,0.1556396484375,2021-11-26 17:42:42.563000+00:00,0.1708984375,2021-11-26 17:42:42.563000+00:00,0.6317138671875,2021-11-26 17:42:42.563000+00:00,1.214599609375,2021-11-26 17:42:42.563000+00:00,0.1678466796875,2021-11-26 17:42:42.563000+00:00,-0.0244140625,2021-11-26 17:42:42.563000+00:00,0.42724609375,2021-11-26 17:42:42.563000+00:00,0.6591796875,2021-11-26 17:42:42.563000+00:00,0.68359375,2021-11-26 17:42:42.563000+00:00,0.189208984375,2021-11-26 17:42:42.563000+00:00,0.128173828125,2021-11-26 17:42:42.563000+00:00,-0.018310546875,2021-11-26 17:42:42.563000+00:00,-32.29999542236328,2021-11-26 17:42:42.563000+00:00
6,165.63720703125,2021-11-26 17:42:42.629000+00:00,24.422306043614505,2021-11-26 17:42:42.629000+00:00,25.562600927468264,2021-11-26 17:42:42.629000+00:00,24.955460966848204,2021-11-26 17:42:42.629000+00:00,228.64837646484372,2021-11-26 17:42:42.629000+00:00,26.808762174735715,2021-11-26 17:42:42.629000+00:00,16.66259765625,2021-11-26 17:42:42.629000+00:00,0.445556640625,2021-11-26 17:42:42.629000+00:00,0.347900390625,2021-11-26 17:42:42.629000+00:00,0.030517578125,2021-11-26 17:42:42.629000+00:00,-0.0885009765625,2021-11-26 17:42:42.629000+00:00,2.99072265625,2021-11-26 17:42:42.629000+00:00,2.1331787109375,2021-11-26 17:42:42.629000+00:00,-0.0732421875,2021-11-26 17:42:42.629000+00:00,0.8819580078125,2021-11-26 17:42:42.629000+00:00,0.091552734375,2021-11-26 17:42:42.629000+00:00,1.26953125,2021-11-26 17:42:42.629000+00:00,0.1556396484375,2021-11-26 17:42:42.629000+00:00,1.4312744140625,2021-11-26 17:42:42.629000+00:00,0.8331298828125,2021-11-26 17:42:42.629000+00:00,0.0579833984375,2021-11-26 17:42:42.629000+00:00,0.091552734375,2021-11-26 17:42:42.629000+00:00,0.372314453125,2021-11-26 17:42:42.629000+00:00,0.0030517578125,2021-11-26 17:42:42.629000+00:00,0.1434326171875,2021-11-26 17:42:42.629000+00:00,0.0244140625,2021-11-26 17:42:42.629000+00:00,0.634765625,2021-11-26 17:42:42.629000+00:00,0.9185791015625,2021-11-26 17:42:42.629000+00:00,0.08544921875,2021-11-26 17:42:42.629000+00:00,0.10986328125,2021-11-26 17:42:42.629000+00:00,0.1983642578125,2021-11-26 17:42:42.629000+00:00,0.616455078125,2021-11-26 17:42:42.629000+00:00,0.3448486328125,2021-11-26 17:42:42.629000+00:00,0.4058837890625,2021-11-26 17:42:42.629000+00:00,0.06103515625,2021-11-26 17:42:42.629000+00:00,0.054931640625,2021-11-26 17:42:42.629000+00:00,-32.29999542236328,2021-11-26 17:42:42.630000+00:00
7,165.63720703125,2021-11-26 17:42:42.696000+00:00,24.00311720853754,2021-11-26 17:42:42.696000+00:00,25.123673643475342,2021-11-26 17:42:42.696000+00:00,24.55327539919647,2021-11-26 17:42:42.696000+00:00,228.5390625,2021-11-26 17:42:42.696000+00:00,26.412450593291016,2021-11-26 17:42:42.696000+00:00,15.142822265625,2021-11-26 17:42:42.696000+00:00,0.4547119140625,2021-11-26 17:42:42.696000+00:00,0.2685546875,2021-11-26 17:42:42.696000+00:00,0.0335693359375,2021-11-26 17:42:42.696000+00:00,-0.4486083984375,2021-11-26 17:42:42.696000+00:00,2.978515625,2021-11-26 17:42:42.696000+00:00,2.0904541015625,2021-11-26 17:42:42.696000+00:00,-0.1556396484375,2021-11-26 17:42:42.696000+00:00,0.68359375,2021-11-26 17:42:42.696000+00:00,0.1739501953125,2021-11-26 17:42:42.696000+00:00,1.3336181640625,2021-11-26 17:42:42.696000+00:00,0.201416015625,2021-11-26 17:42:42.696000+00:00,1.2664794921875,2021-11-26 17:42:42.696000+00:00,0.74462890625,2021-11-26 17:42:42.696000+00:00,0.286865234375,2021-11-26 17:42:42.696000+00:00,0.28076171875,2021-11-26 17:42:42.696000+00:00,0.30517578125,2021-11-26 17:42:42.696000+00:00,-0.054931640625,2021-11-26 17:42:42.696000+00:00,0.1708984375,2021-11-26 17:42:42.696000+00:00,0.006103515625,2021-11-26 17:42:42.696000+00:00,0.6439208984375,2021-11-26 17:42:42.696000+00:00,0.9063720703125,2021-11-26 17:42:42.696000+00:00,0.274658203125,2021-11-26 17:42:42.696000+00:00,0.0579833984375,2021-11-26 17:42:42.696000+00:00,0.115966796875,2021-11-26 17:42:42.696000+00:00,0.177001953125,2021-11-26 17:42:42.696000+00:00,0.4425048828125,2021-11-26 17:42:42.696000+00:00,0.1129150390625,2021-11-26 17:42:42.696000+00:00,0.06103515625,2021-11-26 17:42:42.696000+00:00,-0.030517578125,2021-11-26 17:42:42.696000+00:00,-32.29999542236328,2021-11-26 17:42:42.697000+00:00
8,165.63720703125,2021-11-26 17:42:42.763000+00:00,24.34940363751416,2021-11-26 17:42:42.763000+00:00,25.461058048335573,2021-11-26 17:42:42.763000+00:00,24.88484823359637,2021-11-26 17:42:42.763000+00:00,228.42974853515625,2021-11-26 17:42:42.763000+00:00,26.796279920202025,2021-11-26 17:42:42.763000+00:00,15.53955078125,2021-11-26 17:42:42.763000+00:00,0.3448486328125,2021-11-26 17:42:42.763000+00:00,0.4364013671875,2021-11-26 17:42:42.763000+00:00,0.091552734375,2021-11-26 17:42:42.763000+00:00,-0.250244140625,2021-11-26 17:42:42.763000+00:00,2.83203125,2021-11-26 17:42:42.763000+00:00,2.0050048828125,2021-11-26 17:42:42.763000+00:00,-0.0030517578125,2021-11-26 17:42:42.763000+00:00,0.3204345703125,2021-11-26 17:42:42.763000+00:00,0.0274658203125,2021-11-26 17:42:42.763000+00:00,1.18408203125,2021-11-26 17:42:42.763000+00:00,0.164794921875,2021-11-26 17:42:42.763000+00:00,1.5380859375,2021-11-26 17:42:42.763000+00:00,0.677490234375,2021-11-26 17:42:42.763000+00:00,0.0762939453125,2021-11-26 17:42:42.763000+00:00,0.0885009765625,2021-11-26 17:42:42.763000+00:00,0.543212890625,2021-11-26 17:42:42.763000+00:00,-0.18310546875,2021-11-26 17:42:42.763000+00:00,0.128173828125,2021-11-26 17:42:42.763000+00:00,0.048828125,2021-11-26 17:42:42.763000+00:00,0.72021484375,2021-11-26 17:42:42.763000+00:00,0.8453369140625,2021-11-26 17:42:42.763000+00:00,0.0030517578125,2021-11-26 17:42:42.763000+00:00,0.03662109375,2021-11-26 17:42:42.763000+00:00,0.3570556640625,2021-11-26 17:42:42.763000+00:00,0.5218505859375,2021-11-26 17:42:42.763000+00:00,0.5889892578125,2021-11-26 17:42:42.763000+00:00,0.2105712890625,2021-11-26 17:42:42.763000+00:00,0.2471923828125,2021-11-26 17:42:42.763000+00:00,0.1953125,2021-11-26 17:42:42.763000+00:00,-32.29999542236328,2021-11-26 17:42:42.763000+00:00
9,165.63720703125,2021-11-26 17:42:42.829000+00:00,24.200561225059296,2021-11-26 17:42:42.829000+00:00,25.379168629680176,2021-11-26 17:42:42.829000+00:00,24.70064110337421,2021-11-26 17:42:42.829000+00:00,228.3204345703125,2021-11-26 17:42:42.829000+00:00,26.596563847662964,2021-11-26 17:42:42.829000+00:00,15.753173828125,2021-11-26 17:42:42.829000+00:00,0.494384765625,2021-11-26 17:42:42.829000+00:00,0.1373291015625,2021-11-26 17:42:42.829000+00:00,0.146484375,2021-11-26 17:42:42.829000+00:00,-0.2655029296875,2021-11-26 17:42:42.829000+00:00,3.0120849609375,2021-11-26 17:42:42.829000+00:00,2.008056640625,2021-11-26 17:42:42.829000+00:00,0.274658203125,2021-11-26 17:42:42.829000+00:00,0.4364013671875,2021-11-26 17:42:42.829000+00:00,0.238037109375,2021-11-26 17:42:42.829000+00:00,1.385498046875,2021-11-26 17:42:42.829000+00:00,0.2716064453125,2021-11-26 17:42:42.829000+00:00,1.629638671875,2021-11-26 17:42:42.829000+00:00,0.836181640625,2021-11-26 17:42:42.829000+00:00,0.09765625,2021-11-26 17:42:42.829000+00:00,-0.0213623046875,2021-11-26 17:42:42.829000+00:00,0.6256103515625,2021-11-26 17:42:42.829000+00:00,-0.115966796875,2021-11-26 17:42:42.829000+00:00,-0.213623046875,2021-11-26 17:42:42.829000+00:00,0.115966796875,2021-11-26 17:42:42.829000+00:00,0.5279541015625,2021-11-26 17:42:42.829000+00:00,0.823974609375,2021-11-26 17:42:42.829000+00:00,0.0152587890625,2021-11-26 17:42:42.829000+00:00,0.0579833984375,2021-11-26 17:42:42.829000+00:00,0.03662109375,2021-11-26 17:42:42.829000+00:00,0.506591796875,2021-11-26 17:42:42.829000+00:00,0.35400390625,2021-11-26 17:42:42.829000+00:00,0.1312255859375,2021-11-26 17:42:42.829000+00:00,0.03662109375,2021-11-26 17:42:42.829000+00:00,0.146484375,2021-11-26 17:42:42.829000+00:00,-32.29999542236328,2021-11-26 17:42:42.830000+00:00
10,165.63720703125,2021-11-26 17:42:42.896000+00:00,24.264350830397092,2021-11-26 17:42:42.896000+00:00,25.33658613197937,2021-11-26 17:42:42.896000+00:00,24.79427972790381,2021-11-26 17:42:42.896000+00:00,228.21112060546875,2021-11-26 17:42:42.896000+00:00,26.67145737486511,2021-11-26 17:42:42.896000+00:00,15.887451171875,2021-11-26 17:42:42.896000+00:00,0.57373046875,2021-11-26 17:42:42.896000+00:00,0.3662109375,2021-11-26 17:42:42.896000+00:00,-0.079345703125,2021-11-26 17:42:42.896000+00:00,-0.128173828125,2021-11-26 17:42:42.896000+00:00,2.9266357421875,2021-11-26 17:42:42.896000+00:00,2.117919921875,2021-11-26 17:42:42.896000+00:00,-0.1373291015625,2021-11-26 17:42:42.896000+00:00,0.738525390625,2021-11-26 17:42:42.896000+00:00,0.2105712890625,2021-11-26 17:42:42.896000+00:00,1.0650634765625,2021-11-26 17:42:42.896000+00:00,0.2166748046875,2021-11-26 17:42:42.896000+00:00,1.2481689453125,2021-11-26 17:42:42.896000+00:00,1.0406494140625,2021-11-26 17:42:42.896000+00:00,0.1129150390625,2021-11-26 17:42:42.896000+00:00,0.2716064453125,2021-11-26 17:42:42.896000+00:00,0.567626953125,2021-11-26 17:42:42.896000+00:00,0.01220703125,2021-11-26 17:42:42.896000+00:00,0.1068115234375,2021-11-26 17:42:42.896000+00:00,0.01220703125,2021-11-26 17:42:42.896000+00:00,0.653076171875,2021-11-26 17:42:42.896000+00:00,0.9674072265625,2021-11-26 17:42:42.896000+00:00,-0.0152587890625,2021-11-26 17:42:42.896000+00:00,0.1068115234375,2021-11-26 17:42:42.896000+00:00,0.1617431640625,2021-11-26 17:42:42.896000+00:00,0.5126953125,2021-11-26 17:42:42.896000+00:00,0.421142578125,2021-11-26 17:42:42.896000+00:00,-0.006103515625,2021-11-26 17:42:42.896000+00:00,0.0335693359375,2021-11-26 17:42:42.896000+00:00,0.0518798828125,2021-11-26 17:42:42.896000+00:00,-32.29999542236328,2021-11-26 17:42:42.897000+00:00
11,165.63720703125,2021-11-26 17:42:42.963000+00:00,24.23701242810947,2021-11-26 17:42:42.963000+00:00,25.326759401740723,2021-11-26 17:42:42.963000+00:00,24.763578539533444,2021-11-26 17:42:42.963000+00:00,228.101806640625,2021-11-26 17:42:42.963000+00:00,26.60904610219665,2021-11-26 17:42:42.963000+00:00,15.93017578125,2021-11-26 17:42:42.963000+00:00,0.7080078125,2021-11-26 17:42:42.963000+00:00,0.213623046875,2021-11-26 17:42:42.963000+00:00,-0.177001953125,2021-11-26 17:42:42.963000+00:00,-0.0946044921875,2021-11-26 17:42:42.963000+00:00,3.0364990234375,2021-11-26 17:42:42.963000+00:00,2.34375,2021-11-26 17:42:42.963000+00:00,-0.0091552734375,2021-11-26 17:42:42.963000+00:00,0.408935546875,2021-11-26 17:42:42.963000+00:00,0.225830078125,2021-11-26 17:42:42.963000+00:00,1.01318359375,2021-11-26 17:42:42.963000+00:00,0.2716064453125,2021-11-26 17:42:42.963000+00:00,1.397705078125,2021-11-26 17:42:42.963000+00:00,1.055908203125,2021-11-26 17:42:42.963000+00:00,0.0732421875,2021-11-26 17:42:42.963000+00:00,0.1861572265625,2021-11-26 17:42:42.963000+00:00,0.42724609375,2021-11-26 17:42:42.963000+00:00,0.1007080078125,2021-11-26 17:42:42.963000+00:00,0.048828125,2021-11-26 17:42:42.963000+00:00,-0.01220703125,2021-11-26 17:42:42.963000+00:00,0.6805419921875,2021-11-26 17:42:42.963000+00:00,0.9552001953125,2021-11-26 17:42:42.963000+00:00,0.128173828125,2021-11-26 17:42:42.963000+00:00,0.030517578125,2021-11-26 17:42:42.963000+00:00,0.0244140625,2021-11-26 17:42:42.963000+00:00,0.6317138671875,2021-11-26 17:42:42.963000+00:00,0.2471923828125,2021-11-26 17:42:42.963000+00:00,0.2410888671875,2021-11-26 17:42:42.963000+00:00,0.0244140625,2021-11-26 17:42:42.963000+00:00,-0.1068115234375,2021-11-26 17:42:42.963000+00:00,-32.29999542236328,2021-11-26 17:42:42.963000+00:00
12,165.63720703125,2021-11-26 17:42:43.029000+00:00,23.96059080497901,2021-11-26 17:42:43.029000+00:00,25.084366722520752,2021-11-26 17:42:43.029000+00:00,24.476522428270567,2021-11-26 17:42:43.029000+00:00,227.99249267578125,2021-11-26 17:42:43.029000+00:00,26.30011030248779,2021-11-26 17:42:43.029000+00:00,13.812255859375,2021-11-26 17:42:43.029000+00:00,0.2593994140625,2021-11-26 17:42:43.029000+00:00,0.3082275390625,2021-11-26 17:42:43.029000+00:00,0.0213623046875,2021-11-26 17:42:43.029000+00:00,-0.1953125,2021-11-26 17:42:43.029000+00:00,2.5238037109375,2021-11-26 17:42:43.029000+00:00,1.9775390625,2021-11-26 17:42:43.029000+00:00,-0.018310546875,2021-11-26 17:42:43.029000+00:00,0.384521484375,2021-11-26 17:42:43.029000+00:00,0.067138671875,2021-11-26 17:42:43.029000+00:00,1.416015625,2021-11-26 17:42:43.029000+00:00,0.164794921875,2021-11-26 17:42:43.029000+00:00,1.2847900390625,2021-11-26 17:42:43.029000+00:00,0.7720947265625,2021-11-26 17:42:43.029000+00:00,0.054931640625,2021-11-26 17:42:43.029000+00:00,0.115966796875,2021-11-26 17:42:43.029000+00:00,0.5279541015625,2021-11-26 17:42:43.029000+00:00,-0.0762939453125,2021-11-26 17:42:43.029000+00:00,0.042724609375,2021-11-26 17:42:43.029000+00:00,0.08544921875,2021-11-26 17:42:43.029000+00:00,0.3875732421875,2021-11-26 17:42:43.029000+00:00,0.9246826171875,2021-11-26 17:42:43.029000+00:00,0.0457763671875,2021-11-26 17:42:43.029000+00:00,0.0335693359375,2021-11-26 17:42:43.029000+00:00,0.1495361328125,2021-11-26 17:42:43.029000+00:00,0.5584716796875,2021-11-26 17:42:43.029000+00:00,0.1739501953125,2021-11-26 17:42:43.029000+00:00,0.10986328125,2021-11-26 17:42:43.029000+00:00,0.0946044921875,2021-11-26 17:42:43.029000+00:00,-0.048828125,2021-11-26 17:42:43.029000+00:00,-32.29999542236328,2021-11-26 17:42:43.030000+00:00
13,165.63720703125,2021-11-26 17:42:43.096000+00:00,24.200561225059296,2021-11-26 17:42:43.096000+00:00,25.33003497848694,2021-11-26 17:42:43.096000+00:00,24.742087707674195,2021-11-26 17:42:43.096000+00:00,227.8831787109375,2021-11-26 17:42:43.096000+00:00,26.55287595679504,2021-11-26 17:42:43.096000+00:00,15.66162109375,2021-11-26 17:42:43.096000+00:00,0.6195068359375,2021-11-26 17:42:43.096000+00:00,0.3173828125,2021-11-26 17:42:43.096000+00:00,0.13427734375,2021-11-26 17:42:43.096000+00:00,-0.1190185546875,2021-11-26 17:42:43.096000+00:00,2.8472900390625,2021-11-26 17:42:43.096000+00:00,1.959228515625,2021-11-26 17:42:43.096000+00:00,0.06103515625,2021-11-26 17:42:43.096000+00:00,0.250244140625,2021-11-26 17:42:43.096000+00:00,-0.0091552734375,2021-11-26 17:42:43.096000+00:00,1.3397216796875,2021-11-26 17:42:43.096000+00:00,0.1373291015625,2021-11-26 17:42:43.096000+00:00,1.5625,2021-11-26 17:42:43.096000+00:00,0.8880615234375,2021-11-26 17:42:43.096000+00:00,-0.042724609375,2021-11-26 17:42:43.096000+00:00,0.238037109375,2021-11-26 17:42:43.096000+00:00,0.7232666015625,2021-11-26 17:42:43.096000+00:00,0.1708984375,2021-11-26 17:42:43.096000+00:00,0.1312255859375,2021-11-26 17:42:43.096000+00:00,0.0732421875,2021-11-26 17:42:43.096000+00:00,0.4608154296875,2021-11-26 17:42:43.096000+00:00,0.7171630859375,2021-11-26 17:42:43.096000+00:00,0.0732421875,2021-11-26 17:42:43.096000+00:00,0.067138671875,2021-11-26 17:42:43.096000+00:00,0.225830078125,2021-11-26 17:42:43.096000+00:00,0.531005859375,2021-11-26 17:42:43.096000+00:00,0.390625,2021-11-26 17:42:43.096000+00:00,0.152587890625,2021-11-26 17:42:43.096000+00:00,-0.13427734375,2021-11-26 17:42:43.096000+00:00,0.213623046875,2021-11-26 17:42:43.096000+00:00,-32.29999542236328,2021-11-26 17:42:43.096000+00:00
14,165.63720703125,2021-11-26 17:42:43.163000+00:00,24.294726832938903,2021-11-26 17:42:43.163000+00:00,25.33658613197937,2021-11-26 17:42:43.163000+00:00,24.792744668485287,2021-11-26 17:42:43.163000+00:00,227.77386474609372,2021-11-26 17:42:43.163000+00:00,26.662095683964843,2021-11-26 17:42:43.163000+00:00,14.654541015625,2021-11-26 17:42:43.163000+00:00,0.5584716796875,2021-11-26 17:42:43.163000+00:00,0.25634765625,2021-11-26 17:42:43.163000+00:00,0.0579833984375,2021-11-26 17:42:43.163000+00:00,-0.1220703125,2021-11-26 17:42:43.163000+00:00,2.630615234375,2021-11-26 17:42:43.163000+00:00,2.1026611328125,2021-11-26 17:42:43.163000+00:00,-0.006103515625,2021-11-26 17:42:43.163000+00:00,0.347900390625,2021-11-26 17:42:43.163000+00:00,0.408935546875,2021-11-26 17:42:43.163000+00:00,1.348876953125,2021-11-26 17:42:43.163000+00:00,0.1800537109375,2021-11-26 17:42:43.163000+00:00,1.361083984375,2021-11-26 17:42:43.163000+00:00,0.9307861328125,2021-11-26 17:42:43.163000+00:00,-0.067138671875,2021-11-26 17:42:43.163000+00:00,0.1220703125,2021-11-26 17:42:43.163000+00:00,0.3631591796875,2021-11-26 17:42:43.163000+00:00,0.0457763671875,2021-11-26 17:42:43.163000+00:00,0.286865234375,2021-11-26 17:42:43.163000+00:00,0.08544921875,2021-11-26 17:42:43.163000+00:00,0.3936767578125,2021-11-26 17:42:43.163000+00:00,0.7568359375,2021-11-26 17:42:43.163000+00:00,-0.1953125,2021-11-26 17:42:43.163000+00:00,-0.1434326171875,2021-11-26 17:42:43.163000+00:00,0.08544921875,2021-11-26 17:42:43.163000+00:00,0.5157470703125,2021-11-26 17:42:43.163000+00:00,0.469970703125,2021-11-26 17:42:43.163000+00:00,0.2227783203125,2021-11-26 17:42:43.163000+00:00,0.042724609375,2021-11-26 17:42:43.163000+00:00,0.0213623046875,2021-11-26 17:42:43.163000+00:00,-32.29999542236328,2021-11-26 17:42:43.163000+00:00
15,165.63720703125,2021-11-26 17:42:43.229000+00:00,24.167147622263307,2021-11-26 17:42:43.229000+00:00,25.19573633189209,2021-11-26 17:42:43.229000+00:00,24.65612438023718,2021-11-26 17:42:43.229000+00:00,227.66455078125,2021-11-26 17:42:43.229000+00:00,26.477982429592892,2021-11-26 17:42:43.229000+00:00,14.09912109375,2021-11-26 17:42:43.229000+00:00,0.445556640625,2021-11-26 17:42:43.229000+00:00,0.3448486328125,2021-11-26 17:42:43.229000+00:00,-0.09765625,2021-11-26 17:42:43.229000+00:00,-0.2044677734375,2021-11-26 17:42:43.229000+00:00,2.655029296875,2021-11-26 17:42:43.229000+00:00,2.008056640625,2021-11-26 17:42:43.229000+00:00,-0.115966796875,2021-11-26 17:42:43.229000+00:00,0.7537841796875,2021-11-26 17:42:43.229000+00:00,0.030517578125,2021-11-26 17:42:43.229000+00:00,1.1810302734375,2021-11-26 17:42:43.229000+00:00,0.2471923828125,2021-11-26 17:42:43.229000+00:00,1.068115234375,2021-11-26 17:42:43.229000+00:00,0.799560546875,2021-11-26 17:42:43.229000+00:00,0.0,2021-11-26 17:42:43.229000+00:00,0.1190185546875,2021-11-26 17:42:43.229000+00:00,0.5126953125,2021-11-26 17:42:43.229000+00:00,0.1190185546875,2021-11-26 17:42:43.229000+00:00,0.0579833984375,2021-11-26 17:42:43.229000+00:00,0.1190185546875,2021-11-26 17:42:43.229000+00:00,0.439453125,2021-11-26 17:42:43.229000+00:00,0.6988525390625,2021-11-26 17:42:43.229000+00:00,-0.0213623046875,2021-11-26 17:42:43.229000+00:00,-0.18310546875,2021-11-26 17:42:43.229000+00:00,0.1800537109375,2021-11-26 17:42:43.229000+00:00,0.7080078125,2021-11-26 17:42:43.229000+00:00,0.3814697265625,2021-11-26 17:42:43.229000+00:00,0.2777099609375,2021-11-26 17:42:43.229000+00:00,-0.048828125,2021-11-26 17:42:43.229000+00:00,0.0396728515625,2021-11-26 17:42:43.229000+00:00,-32.29999542236328,2021-11-26 17:42:43.230000+00:00
16,165.63720703125,2021-11-26 17:42:43.296000+00:00,24.215749226330203,2021-11-26 17:42:43.296000+00:00,25.27435017380127,2021-11-26 17:42:43.296000+00:00,24.68989568744458,2021-11-26 17:42:43.296000+00:00,227.55523681640625,2021-11-26 17:42:43.296000+00:00,26.5060675022937,2021-11-26 17:42:43.296000+00:00,14.385986328125,2021-11-26 17:42:43.296000+00:00,0.6317138671875,2021-11-26 17:42:43.296000+00:00,0.3265380859375,2021-11-26 17:42:43.296000+00:00,0.1373291015625,2021-11-26 17:42:43.296000+00:00,-0.2655029296875,2021-11-26 17:42:43.296000+00:00,2.4017333984375,2021-11-26 17:42:43.296000+00:00,1.74560546875,2021-11-26 17:42:43.296000+00:00,0.079345703125,2021-11-26 17:42:43.296000+00:00,0.5035400390625,2021-11-26 17:42:43.296000+00:00,0.1495361328125,2021-11-26 17:42:43.296000+00:00,1.06201171875,2021-11-26 17:42:43.296000+00:00,0.103759765625,2021-11-26 17:42:43.296000+00:00,1.4404296875,2021-11-26 17:42:43.296000+00:00,0.9796142578125,2021-11-26 17:42:43.296000+00:00,0.146484375,2021-11-26 17:42:43.296000+00:00,0.1678466796875,2021-11-26 17:42:43.296000+00:00,0.59814453125,2021-11-26 17:42:43.296000+00:00,-0.1068115234375,2021-11-26 17:42:43.296000+00:00,0.054931640625,2021-11-26 17:42:43.296000+00:00,0.115966796875,2021-11-26 17:42:43.296000+00:00,0.5828857421875,2021-11-26 17:42:43.296000+00:00,0.64697265625,2021-11-26 17:42:43.296000+00:00,0.0457763671875,2021-11-26 17:42:43.296000+00:00,-0.1068115234375,2021-11-26 17:42:43.296000+00:00,0.13427734375,2021-11-26 17:42:43.296000+00:00,0.4791259765625,2021-11-26 17:42:43.296000+00:00,0.2838134765625,2021-11-26 17:42:43.296000+00:00,0.3082275390625,2021-11-26 17:42:43.296000+00:00,0.1708984375,2021-11-26 17:42:43.296000+00:00,0.0335693359375,2021-11-26 17:42:43.296000+00:00,-32.29999542236328,2021-11-26 17:42:43.296000+00:00
17,165.63720703125,2021-11-26 17:42:43.362000+00:00,24.17322282277167,2021-11-26 17:42:43.362000+00:00,25.16625614117615,2021-11-26 17:42:43.362000+00:00,24.6576594396557,2021-11-26 17:42:43.362000+00:00,227.4459228515625,2021-11-26 17:42:43.362000+00:00,26.41557115692444,2021-11-26 17:42:43.362000+00:00,14.48974609375,2021-11-26 17:42:43.362000+00:00,0.5584716796875,2021-11-26 17:42:43.362000+00:00,0.347900390625,2021-11-26 17:42:43.362000+00:00,0.1068115234375,2021-11-26 17:42:43.362000+00:00,-0.2288818359375,2021-11-26 17:42:43.362000+00:00,2.2186279296875,2021-11-26 17:42:43.362000+00:00,1.519775390625,2021-11-26 17:42:43.362000+00:00,0.2838134765625,2021-11-26 17:42:43.362000+00:00,0.286865234375,2021-11-26 17:42:43.362000+00:00,0.15869140625,2021-11-26 17:42:43.362000+00:00,0.9552001953125,2021-11-26 17:42:43.362000+00:00,0.0732421875,2021-11-26 17:42:43.362000+00:00,1.690673828125,2021-11-26 17:42:43.362000+00:00,0.787353515625,2021-11-26 17:42:43.362000+00:00,0.152587890625,2021-11-26 17:42:43.362000+00:00,0.2288818359375,2021-11-26 17:42:43.362000+00:00,0.57373046875,2021-11-26 17:42:43.362000+00:00,0.0274658203125,2021-11-26 17:42:43.362000+00:00,0.0518798828125,2021-11-26 17:42:43.362000+00:00,0.079345703125,2021-11-26 17:42:43.362000+00:00,0.76904296875,2021-11-26 17:42:43.362000+00:00,0.732421875,2021-11-26 17:42:43.362000+00:00,0.006103515625,2021-11-26 17:42:43.362000+00:00,0.13427734375,2021-11-26 17:42:43.362000+00:00,0.177001953125,2021-11-26 17:42:43.362000+00:00,0.5706787109375,2021-11-26 17:42:43.362000+00:00,0.4486083984375,2021-11-26 17:42:43.362000+00:00,0.0518798828125,2021-11-26 17:42:43.362000+00:00,0.1129150390625,2021-11-26 17:42:43.362000+00:00,0.1922607421875,2021-11-26 17:42:43.362000+00:00,-32.29999542236328,2021-11-26 17:42:43.363000+00:00
18,165.63720703125,2021-11-26 17:42:43.429000+00:00,23.863387596845214,2021-11-26 17:42:43.429000+00:00,24.933690192194824,2021-11-26 17:42:43.429000+00:00,24.329156724092837,2021-11-26 17:42:43.429000+00:00,227.33660888671875,2021-11-26 17:42:43.429000+00:00,26.1784083207843,2021-11-26 17:42:43.429000+00:00,13.427734375,2021-11-26 17:42:43.429000+00:00,0.2960205078125,2021-11-26 17:42:43.429000+00:00,0.360107421875,2021-11-26 17:42:43.429000+00:00,0.0640869140625,2021-11-26 17:42:43.429000+00:00,0.0823974609375,2021-11-26 17:42:43.429000+00:00,2.4200439453125,2021-11-26 17:42:43.429000+00:00,1.59912109375,2021-11-26 17:42:43.429000+00:00,-0.0457763671875,2021-11-26 17:42:43.429000+00:00,0.1251220703125,2021-11-26 17:42:43.429000+00:00,0.09765625,2021-11-26 17:42:43.429000+00:00,1.031494140625,2021-11-26 17:42:43.429000+00:00,0.360107421875,2021-11-26 17:42:43.429000+00:00,1.0833740234375,2021-11-26 17:42:43.429000+00:00,0.885009765625,2021-11-26 17:42:43.429000+00:00,0.0396728515625,2021-11-26 17:42:43.429000+00:00,-0.006103515625,2021-11-26 17:42:43.429000+00:00,0.494384765625,2021-11-26 17:42:43.429000+00:00,0.0152587890625,2021-11-26 17:42:43.429000+00:00,0.0091552734375,2021-11-26 17:42:43.429000+00:00,0.0518798828125,2021-11-26 17:42:43.429000+00:00,0.5218505859375,2021-11-26 17:42:43.429000+00:00,0.6866455078125,2021-11-26 17:42:43.429000+00:00,-0.0213623046875,2021-11-26 17:42:43.429000+00:00,-0.0335693359375,2021-11-26 17:42:43.429000+00:00,0.2471923828125,2021-11-26 17:42:43.429000+00:00,0.579833984375,2021-11-26 17:42:43.429000+00:00,0.5218505859375,2021-11-26 17:42:43.429000+00:00,0.1708984375,2021-11-26 17:42:43.429000+00:00,-0.103759765625,2021-11-26 17:42:43.429000+00:00,0.128173828125,2021-11-26 17:42:43.429000+00:00,-32.29999542236328,2021-11-26 17:42:43.430000+00:00
19,165.63720703125,2021-11-26 17:42:43.496000+00:00,24.036530811333527,2021-11-26 17:42:43.496000+00:00,25.035233071327514,2021-11-26 17:42:43.496000+00:00,24.513363854315,2021-11-26 17:42:43.496000+00:00,227.227294921875,2021-11-26 17:42:43.496000+00:00,26.36876270242309,2021-11-26 17:42:43.496000+00:00,14.208984375,2021-11-26 17:42:43.496000+00:00,0.5035400390625,2021-11-26 17:42:43.496000+00:00,0.29296875,2021-11-26 17:42:43.496000+00:00,0.128173828125,2021-11-26 17:42:43.496000+00:00,-0.0335693359375,2021-11-26 17:42:43.496000+00:00,2.6702880859375,2021-11-26 17:42:43.496000+00:00,1.6571044921875,2021-11-26 17:42:43.496000+00:00,-0.0579833984375,2021-11-26 17:42:43.496000+00:00,0.4302978515625,2021-11-26 17:42:43.496000+00:00,-0.0946044921875,2021-11-26 17:42:43.496000+00:00,1.13525390625,2021-11-26 17:42:43.496000+00:00,0.1922607421875,2021-11-26 17:42:43.496000+00:00,1.1260986328125,2021-11-26 17:42:43.496000+00:00,0.72021484375,2021-11-26 17:42:43.496000+00:00,0.0335693359375,2021-11-26 17:42:43.496000+00:00,0.213623046875,2021-11-26 17:42:43.496000+00:00,0.341796875,2021-11-26 17:42:43.496000+00:00,0.0946044921875,2021-11-26 17:42:43.496000+00:00,0.0091552734375,2021-11-26 17:42:43.496000+00:00,0.5340576171875,2021-11-26 17:42:43.496000+00:00,0.6744384765625,2021-11-26 17:42:43.496000+00:00,0.7110595703125,2021-11-26 17:42:43.496000+00:00,-0.0274658203125,2021-11-26 17:42:43.496000+00:00,-0.054931640625,2021-11-26 17:42:43.496000+00:00,0.15869140625,2021-11-26 17:42:43.496000+00:00,0.555419921875,2021-11-26 17:42:43.496000+00:00,0.439453125,2021-11-26 17:42:43.496000+00:00,0.2471923828125,2021-11-26 17:42:43.496000+00:00,0.152587890625,2021-11-26 17:42:43.496000+00:00,0.1129150390625,2021-11-26 17:42:43.496000+00:00,-32.29999542236328,2021-11-26 17:42:43.496000+00:00
20,165.63720703125,2021-11-26 17:42:43.562000+00:00,24.27650123141382,2021-11-26 17:42:43.562000+00:00,25.261247866816408,2021-11-26 17:42:43.562000+00:00,24.752833123603818,2021-11-26 17:42:43.562000+00:00,227.11798095703125,2021-11-26 17:42:43.562000+00:00,26.624648920363768,2021-11-26 17:42:43.562000+00:00,14.2333984375,2021-11-26 17:42:43.562000+00:00,0.5096435546875,2021-11-26 17:42:43.562000+00:00,0.08544921875,2021-11-26 17:42:43.562000+00:00,0.03662109375,2021-11-26 17:42:43.562000+00:00,-0.1251220703125,2021-11-26 17:42:43.562000+00:00,2.362060546875,2021-11-26 17:42:43.562000+00:00,1.5106201171875,2021-11-26 17:42:43.562000+00:00,-0.10986328125,2021-11-26 17:42:43.562000+00:00,0.677490234375,2021-11-26 17:42:43.562000+00:00,0.1556396484375,2021-11-26 17:42:43.562000+00:00,1.5472412109375,2021-11-26 17:42:43.562000+00:00,0.146484375,2021-11-26 17:42:43.562000+00:00,1.300048828125,2021-11-26 17:42:43.562000+00:00,0.823974609375,2021-11-26 17:42:43.562000+00:00,-0.0244140625,2021-11-26 17:42:43.562000+00:00,0.2166748046875,2021-11-26 17:42:43.562000+00:00,0.37841796875,2021-11-26 17:42:43.562000+00:00,0.018310546875,2021-11-26 17:42:43.562000+00:00,0.1861572265625,2021-11-26 17:42:43.562000+00:00,0.0762939453125,2021-11-26 17:42:43.562000+00:00,0.4425048828125,2021-11-26 17:42:43.562000+00:00,0.74462890625,2021-11-26 17:42:43.562000+00:00,0.03662109375,2021-11-26 17:42:43.562000+00:00,0.09765625,2021-11-26 17:42:43.562000+00:00,0.347900390625,2021-11-26 17:42:43.562000+00:00,0.4150390625,2021-11-26 17:42:43.562000+00:00,0.4180908203125,2021-11-26 17:42:43.562000+00:00,0.2410888671875,2021-11-26 17:42:43.562000+00:00,0.0152587890625,2021-11-26 17:42:43.562000+00:00,0.250244140625,2021-11-26 17:42:43.562000+00:00,-32.29999542236328,2021-11-26 17:42:43.563000+00:00
21,165.63720703125,2021-11-26 17:42:43.629000+00:00,24.051718812604435,2021-11-26 17:42:43.629000+00:00,25.058162108551027,2021-11-26 17:42:43.629000+00:00,24.501083378966857,2021-11-26 17:42:43.629000+00:00,227.0086669921875,2021-11-26 17:42:43.629000+00:00,26.384365520590208,2021-11-26 17:42:43.629000+00:00,14.617919921875,2021-11-26 17:42:43.629000+00:00,0.5279541015625,2021-11-26 17:42:43.629000+00:00,0.1495361328125,2021-11-26 17:42:43.629000+00:00,0.01220703125,2021-11-26 17:42:43.629000+00:00,-0.1251220703125,2021-11-26 17:42:43.629000+00:00,2.3468017578125,2021-11-26 17:42:43.629000+00:00,1.6082763671875,2021-11-26 17:42:43.629000+00:00,-0.0640869140625,2021-11-26 17:42:43.629000+00:00,0.96435546875,2021-11-26 17:42:43.629000+00:00,0.1220703125,2021-11-26 17:42:43.629000+00:00,1.6754150390625,2021-11-26 17:42:43.629000+00:00,0.1983642578125,2021-11-26 17:42:43.629000+00:00,1.483154296875,2021-11-26 17:42:43.629000+00:00,0.7415771484375,2021-11-26 17:42:43.629000+00:00,0.189208984375,2021-11-26 17:42:43.629000+00:00,-0.01220703125,2021-11-26 17:42:43.629000+00:00,0.5615234375,2021-11-26 17:42:43.629000+00:00,-0.030517578125,2021-11-26 17:42:43.629000+00:00,0.13427734375,2021-11-26 17:42:43.629000+00:00,0.091552734375,2021-11-26 17:42:43.629000+00:00,0.4669189453125,2021-11-26 17:42:43.629000+00:00,0.4974365234375,2021-11-26 17:42:43.629000+00:00,0.03662109375,2021-11-26 17:42:43.629000+00:00,-0.238037109375,2021-11-26 17:42:43.629000+00:00,0.1861572265625,2021-11-26 17:42:43.629000+00:00,0.506591796875,2021-11-26 17:42:43.629000+00:00,0.543212890625,2021-11-26 17:42:43.629000+00:00,0.1495361328125,2021-11-26 17:42:43.629000+00:00,0.018310546875,2021-11-26 17:42:43.629000+00:00,-0.0244140625,2021-11-26 17:42:43.629000+00:00,-32.29999542236328,2021-11-26 17:42:43.630000+00:00
22,165.63720703125,2021-11-26 17:42:43.696000+00:00,24.12462121870477,2021-11-26 17:42:43.696000+00:00,25.24159440633911,2021-11-26 17:42:43.696000+00:00,24.62542319186682,2021-11-26 17:42:43.696000+00:00,226.89935302734372,2021-11-26 17:42:43.696000+00:00,26.41869172055786,2021-11-26 17:42:43.696000+00:00,14.288330078125,2021-11-26 17:42:43.696000+00:00,0.3662109375,2021-11-26 17:42:43.696000+00:00,0.2044677734375,2021-11-26 17:42:43.696000+00:00,-0.018310546875,2021-11-26 17:42:43.696000+00:00,0.018310546875,2021-11-26 17:42:43.696000+00:00,2.3162841796875,2021-11-26 17:42:43.696000+00:00,1.9195556640625,2021-11-26 17:42:43.696000+00:00,-0.1861572265625,2021-11-26 17:42:43.696000+00:00,0.6439208984375,2021-11-26 17:42:43.696000+00:00,0.128173828125,2021-11-26 17:42:43.696000+00:00,1.177978515625,2021-11-26 17:42:43.696000+00:00,0.2410888671875,2021-11-26 17:42:43.696000+00:00,1.483154296875,2021-11-26 17:42:43.696000+00:00,0.799560546875,2021-11-26 17:42:43.696000+00:00,0.06103515625,2021-11-26 17:42:43.696000+00:00,0.2044677734375,2021-11-26 17:42:43.696000+00:00,0.4730224609375,2021-11-26 17:42:43.696000+00:00,-0.2044677734375,2021-11-26 17:42:43.696000+00:00,-0.006103515625,2021-11-26 17:42:43.696000+00:00,0.0030517578125,2021-11-26 17:42:43.696000+00:00,0.5645751953125,2021-11-26 17:42:43.696000+00:00,0.653076171875,2021-11-26 17:42:43.696000+00:00,0.067138671875,2021-11-26 17:42:43.696000+00:00,0.103759765625,2021-11-26 17:42:43.696000+00:00,0.32958984375,2021-11-26 17:42:43.696000+00:00,0.4302978515625,2021-11-26 17:42:43.696000+00:00,0.4425048828125,2021-11-26 17:42:43.696000+00:00,0.189208984375,2021-11-26 17:42:43.696000+00:00,0.079345703125,2021-11-26 17:42:43.696000+00:00,0.08544921875,2021-11-26 17:42:43.696000+00:00,-32.29999542236328,2021-11-26 17:42:43.696000+00:00
23,165.63720703125,2021-11-26 17:42:43.762000+00:00,24.17322282277167,2021-11-26 17:42:43.762000+00:00,25.23504325284668,2021-11-26 17:42:43.762000+00:00,24.66840485558533,2021-11-26 17:42:43.762000+00:00,226.7900390625,2021-11-26 17:42:43.762000+00:00,26.47174130232605,2021-11-26 17:42:43.762000+00:00,14.95361328125,2021-11-26 17:42:43.762000+00:00,0.4669189453125,2021-11-26 17:42:43.762000+00:00,0.37841796875,2021-11-26 17:42:43.762000+00:00,-0.1617431640625,2021-11-26 17:42:43.762000+00:00,0.0457763671875,2021-11-26 17:42:43.762000+00:00,2.47802734375,2021-11-26 17:42:43.762000+00:00,1.9378662109375,2021-11-26 17:42:43.762000+00:00,-0.341796875,2021-11-26 17:42:43.762000+00:00,0.6317138671875,2021-11-26 17:42:43.762000+00:00,0.1556396484375,2021-11-26 17:42:43.762000+00:00,1.416015625,2021-11-26 17:42:43.762000+00:00,0.20751953125,2021-11-26 17:42:43.762000+00:00,1.2481689453125,2021-11-26 17:42:43.762000+00:00,0.8056640625,2021-11-26 17:42:43.762000+00:00,0.103759765625,2021-11-26 17:42:43.762000+00:00,0.1708984375,2021-11-26 17:42:43.762000+00:00,0.372314453125,2021-11-26 17:42:43.762000+00:00,-0.0732421875,2021-11-26 17:42:43.762000+00:00,0.4180908203125,2021-11-26 17:42:43.762000+00:00,0.1068115234375,2021-11-26 17:42:43.762000+00:00,0.7781982421875,2021-11-26 17:42:43.762000+00:00,0.689697265625,2021-11-26 17:42:43.762000+00:00,0.1007080078125,2021-11-26 17:42:43.762000+00:00,-0.018310546875,2021-11-26 17:42:43.762000+00:00,0.1739501953125,2021-11-26 17:42:43.762000+00:00,0.4974365234375,2021-11-26 17:42:43.762000+00:00,0.4425048828125,2021-11-26 17:42:43.762000+00:00,0.0274658203125,2021-11-26 17:42:43.762000+00:00,0.06103515625,2021-11-26 17:42:43.762000+00:00,0.146484375,2021-11-26 17:42:43.762000+00:00,-32.29999542236328,2021-11-26 17:42:43.763000+00:00
24,165.63720703125,2021-11-26 17:42:43.829000+00:00,24.264350830397092,2021-11-26 17:42:43.829000+00:00,25.264523443562624,2021-11-26 17:42:43.829000+00:00,24.72980723232605,2021-11-26 17:42:43.829000+00:00,226.68072509765625,2021-11-26 17:42:43.829000+00:00,26.56847877496216,2021-11-26 17:42:43.829000+00:00,14.532470703125,2021-11-26 17:42:43.829000+00:00,0.52490234375,2021-11-26 17:42:43.829000+00:00,0.0732421875,2021-11-26 17:42:43.829000+00:00,0.0701904296875,2021-11-26 17:42:43.829000+00:00,-0.0640869140625,2021-11-26 17:42:43.829000+00:00,2.325439453125,2021-11-26 17:42:43.829000+00:00,1.7852783203125,2021-11-26 17:42:43.829000+00:00,0.0244140625,2021-11-26 17:42:43.829000+00:00,0.3662109375,2021-11-26 17:42:43.829000+00:00,0.091552734375,2021-11-26 17:42:43.829000+00:00,1.708984375,2021-11-26 17:42:43.829000+00:00,0.213623046875,2021-11-26 17:42:43.829000+00:00,1.3427734375,2021-11-26 17:42:43.829000+00:00,0.518798828125,2021-11-26 17:42:43.829000+00:00,0.054931640625,2021-11-26 17:42:43.829000+00:00,0.164794921875,2021-11-26 17:42:43.829000+00:00,0.3570556640625,2021-11-26 17:42:43.829000+00:00,0.0396728515625,2021-11-26 17:42:43.829000+00:00,0.091552734375,2021-11-26 17:42:43.829000+00:00,0.0152587890625,2021-11-26 17:42:43.829000+00:00,0.5401611328125,2021-11-26 17:42:43.829000+00:00,0.8026123046875,2021-11-26 17:42:43.829000+00:00,0.01220703125,2021-11-26 17:42:43.829000+00:00,0.048828125,2021-11-26 17:42:43.829000+00:00,0.2838134765625,2021-11-26 17:42:43.829000+00:00,0.421142578125,2021-11-26 17:42:43.829000+00:00,0.7293701171875,2021-11-26 17:42:43.829000+00:00,0.1251220703125,2021-11-26 17:42:43.829000+00:00,0.3265380859375,2021-11-26 17:42:43.829000+00:00,0.10986328125,2021-11-26 17:42:43.829000+00:00,-32.29999542236328,2021-11-26 17:42:43.829000+00:00
25,165.63720703125,2021-11-26 17:42:43.896000+00:00,24.32814043573489,2021-11-26 17:42:43.896000+00:00,25.27435017380127,2021-11-26 17:42:43.896000+00:00,24.78199925255566,2021-11-26 17:42:43.896000+00:00,226.5714111328125,2021-11-26 17:42:43.896000+00:00,26.58408159312927,2021-11-26 17:42:43.896000+00:00,14.752197265625,2021-11-26 17:42:43.896000+00:00,0.67138671875,2021-11-26 17:42:43.896000+00:00,0.946044921875,2021-11-26 17:42:43.896000+00:00,0.1922607421875,2021-11-26 17:42:43.896000+00:00,-0.067138671875,2021-11-26 17:42:43.896000+00:00,2.1575927734375,2021-11-26 17:42:43.896000+00:00,1.5533447265625,2021-11-26 17:42:43.896000+00:00,0.048828125,2021-11-26 17:42:43.896000+00:00,0.3387451171875,2021-11-26 17:42:43.896000+00:00,0.0579833984375,2021-11-26 17:42:43.896000+00:00,1.4984130859375,2021-11-26 17:42:43.896000+00:00,0.1068115234375,2021-11-26 17:42:43.896000+00:00,1.318359375,2021-11-26 17:42:43.896000+00:00,0.8087158203125,2021-11-26 17:42:43.896000+00:00,0.0640869140625,2021-11-26 17:42:43.896000+00:00,0.1861572265625,2021-11-26 17:42:43.896000+00:00,0.1983642578125,2021-11-26 17:42:43.896000+00:00,0.067138671875,2021-11-26 17:42:43.896000+00:00,0.1129150390625,2021-11-26 17:42:43.896000+00:00,0.15869140625,2021-11-26 17:42:43.896000+00:00,0.4302978515625,2021-11-26 17:42:43.896000+00:00,0.677490234375,2021-11-26 17:42:43.896000+00:00,-0.0762939453125,2021-11-26 17:42:43.896000+00:00,0.079345703125,2021-11-26 17:42:43.896000+00:00,0.189208984375,2021-11-26 17:42:43.896000+00:00,0.4974365234375,2021-11-26 17:42:43.896000+00:00,0.3997802734375,2021-11-26 17:42:43.896000+00:00,0.128173828125,2021-11-26 17:42:43.896000+00:00,-0.1220703125,2021-11-26 17:42:43.896000+00:00,0.09765625,2021-11-26 17:42:43.896000+00:00,-32.29999542236328,2021-11-26 17:42:43.896000+00:00
26,165.63720703125,2021-11-26 17:42:43.962000+00:00,24.24308762861783,2021-11-26 17:42:43.962000+00:00,25.323483824994508,2021-11-26 17:42:43.962000+00:00,24.76664865837048,2021-11-26 17:42:43.962000+00:00,226.46209716796875,2021-11-26 17:42:43.962000+00:00,26.655854556698,2021-11-26 17:42:43.962000+00:00,14.630126953125,2021-11-26 17:42:43.962000+00:00,0.390625,2021-11-26 17:42:43.962000+00:00,0.323486328125,2021-11-26 17:42:43.962000+00:00,0.1800537109375,2021-11-26 17:42:43.962000+00:00,-0.08544921875,2021-11-26 17:42:43.962000+00:00,2.520751953125,2021-11-26 17:42:43.962000+00:00,1.6021728515625,2021-11-26 17:42:43.962000+00:00,0.0030517578125,2021-11-26 17:42:43.962000+00:00,0.42724609375,2021-11-26 17:42:43.962000+00:00,0.18310546875,2021-11-26 17:42:43.962000+00:00,1.7486572265625,2021-11-26 17:42:43.962000+00:00,0.4730224609375,2021-11-26 17:42:43.962000+00:00,1.15966796875,2021-11-26 17:42:43.962000+00:00,0.6134033203125,2021-11-26 17:42:43.962000+00:00,0.1190185546875,2021-11-26 17:42:43.962000+00:00,0.1708984375,2021-11-26 17:42:43.962000+00:00,0.0640869140625,2021-11-26 17:42:43.962000+00:00,0.15869140625,2021-11-26 17:42:43.962000+00:00,-0.25634765625,2021-11-26 17:42:43.962000+00:00,-0.1983642578125,2021-11-26 17:42:43.962000+00:00,0.537109375,2021-11-26 17:42:43.962000+00:00,0.933837890625,2021-11-26 17:42:43.962000+00:00,0.0762939453125,2021-11-26 17:42:43.962000+00:00,-0.0885009765625,2021-11-26 17:42:43.962000+00:00,0.3753662109375,2021-11-26 17:42:43.962000+00:00,0.579833984375,2021-11-26 17:42:43.962000+00:00,0.341796875,2021-11-26 17:42:43.962000+00:00,0.140380859375,2021-11-26 17:42:43.962000+00:00,0.030517578125,2021-11-26 17:42:43.962000+00:00,0.0946044921875,2021-11-26 17:42:43.962000+00:00,-32.29999542236328,2021-11-26 17:42:43.963000+00:00
27,165.63720703125,2021-11-26 17:42:44.029000+00:00,24.07905721489206,2021-11-26 17:42:44.029000+00:00,25.14660268069885,2021-11-26 17:42:44.029000+00:00,24.622353073029785,2021-11-26 17:42:44.029000+00:00,226.352783203125,2021-11-26 17:42:44.029000+00:00,26.509188065927123,2021-11-26 17:42:44.029000+00:00,15.10009765625,2021-11-26 17:42:44.029000+00:00,0.5523681640625,2021-11-26 17:42:44.029000+00:00,0.2777099609375,2021-11-26 17:42:44.029000+00:00,-0.0152587890625,2021-11-26 17:42:44.029000+00:00,0.2593994140625,2021-11-26 17:42:44.029000+00:00,2.4871826171875,2021-11-26 17:42:44.029000+00:00,1.4678955078125,2021-11-26 17:42:44.029000+00:00,0.0244140625,2021-11-26 17:42:44.029000+00:00,0.4669189453125,2021-11-26 17:42:44.029000+00:00,0.1190185546875,2021-11-26 17:42:44.029000+00:00,1.8218994140625,2021-11-26 17:42:44.029000+00:00,0.2227783203125,2021-11-26 17:42:44.029000+00:00,1.33056640625,2021-11-26 17:42:44.029000+00:00,0.634765625,2021-11-26 17:42:44.029000+00:00,0.1708984375,2021-11-26 17:42:44.029000+00:00,0.1495361328125,2021-11-26 17:42:44.029000+00:00,0.2838134765625,2021-11-26 17:42:44.029000+00:00,0.15869140625,2021-11-26 17:42:44.029000+00:00,0.0152587890625,2021-11-26 17:42:44.029000+00:00,0.177001953125,2021-11-26 17:42:44.029000+00:00,0.52490234375,2021-11-26 17:42:44.029000+00:00,0.8544921875,2021-11-26 17:42:44.029000+00:00,-0.0274658203125,2021-11-26 17:42:44.029000+00:00,-0.0152587890625,2021-11-26 17:42:44.029000+00:00,0.2532958984375,2021-11-26 17:42:44.029000+00:00,0.2349853515625,2021-11-26 17:42:44.029000+00:00,0.50048828125,2021-11-26 17:42:44.029000+00:00,0.0396728515625,2021-11-26 17:42:44.029000+00:00,-0.01220703125,2021-11-26 17:42:44.029000+00:00,-0.0244140625,2021-11-26 17:42:44.029000+00:00,-32.29999542236328,2021-11-26 17:42:44.029000+00:00
28,165.63720703125,2021-11-26 17:42:44.095000+00:00,24.06083161336697,2021-11-26 17:42:44.095000+00:00,25.090917876013183,2021-11-26 17:42:44.095000+00:00,24.556345518033503,2021-11-26 17:42:44.095000+00:00,226.24346923828125,2021-11-26 17:42:44.095000+00:00,26.30011030248779,2021-11-26 17:42:44.095000+00:00,15.31982421875,2021-11-26 17:42:44.095000+00:00,0.30517578125,2021-11-26 17:42:44.095000+00:00,0.250244140625,2021-11-26 17:42:44.095000+00:00,-0.048828125,2021-11-26 17:42:44.095000+00:00,-0.23193359375,2021-11-26 17:42:44.095000+00:00,2.3651123046875,2021-11-26 17:42:44.095000+00:00,1.4617919921875,2021-11-26 17:42:44.095000+00:00,-0.0701904296875,2021-11-26 17:42:44.095000+00:00,0.7293701171875,2021-11-26 17:42:44.095000+00:00,0.225830078125,2021-11-26 17:42:44.095000+00:00,1.7242431640625,2021-11-26 17:42:44.095000+00:00,0.262451171875,2021-11-26 17:42:44.095000+00:00,1.6845703125,2021-11-26 17:42:44.095000+00:00,0.531005859375,2021-11-26 17:42:44.095000+00:00,-0.06103515625,2021-11-26 17:42:44.095000+00:00,-0.018310546875,2021-11-26 17:42:44.095000+00:00,0.2166748046875,2021-11-26 17:42:44.095000+00:00,0.06103515625,2021-11-26 17:42:44.095000+00:00,0.0823974609375,2021-11-26 17:42:44.095000+00:00,0.0762939453125,2021-11-26 17:42:44.095000+00:00,0.59814453125,2021-11-26 17:42:44.095000+00:00,0.89111328125,2021-11-26 17:42:44.095000+00:00,-0.1190185546875,2021-11-26 17:42:44.095000+00:00,0.0152587890625,2021-11-26 17:42:44.095000+00:00,0.3082275390625,2021-11-26 17:42:44.095000+00:00,0.628662109375,2021-11-26 17:42:44.095000+00:00,0.9033203125,2021-11-26 17:42:44.095000+00:00,0.4241943359375,2021-11-26 17:42:44.095000+00:00,0.01220703125,2021-11-26 17:42:44.095000+00:00,0.177001953125,2021-11-26 17:42:44.095000+00:00,-32.29999542236328,2021-11-26 17:42:44.096000+00:00
29,165.63720703125,2021-11-26 17:42:44.162000+00:00,24.11550841794223,2021-11-26 17:42:44.162000+00:00,25.2186653691156,2021-11-26 17:42:44.162000+00:00,24.634633548377927,2021-11-26 17:42:44.162000+00:00,226.1341552734375,2021-11-26 17:42:44.162000+00:00,26.50294693866028,2021-11-26 17:42:44.162000+00:00,16.363525390625,2021-11-26 17:42:44.162000+00:00,0.5767822265625,2021-11-26 17:42:44.162000+00:00,0.274658203125,2021-11-26 17:42:44.162000+00:00,0.1556396484375,2021-11-26 17:42:44.162000+00:00,0.0030517578125,2021-11-26 17:42:44.162000+00:00,2.4444580078125,2021-11-26 17:42:44.162000+00:00,1.6357421875,2021-11-26 17:42:44.162000+00:00,-0.0152587890625,2021-11-26 17:42:44.162000+00:00,0.2655029296875,2021-11-26 17:42:44.162000+00:00,0.10986328125,2021-11-26 17:42:44.162000+00:00,1.8798828125,2021-11-26 17:42:44.162000+00:00,0.2960205078125,2021-11-26 17:42:44.162000+00:00,1.6326904296875,2021-11-26 17:42:44.162000+00:00,0.836181640625,2021-11-26 17:42:44.162000+00:00,-0.4241943359375,2021-11-26 17:42:44.162000+00:00,0.3570556640625,2021-11-26 17:42:44.162000+00:00,0.4547119140625,2021-11-26 17:42:44.162000+00:00,0.0091552734375,2021-11-26 17:42:44.162000+00:00,0.0640869140625,2021-11-26 17:42:44.162000+00:00,-0.0213623046875,2021-11-26 17:42:44.162000+00:00,0.592041015625,2021-11-26 17:42:44.162000+00:00,0.8941650390625,2021-11-26 17:42:44.162000+00:00,0.1007080078125,2021-11-26 17:42:44.162000+00:00,-0.0274658203125,2021-11-26 17:42:44.162000+00:00,0.341796875,2021-11-26 17:42:44.162000+00:00,0.384521484375,2021-11-26 17:42:44.162000+00:00,0.42724609375,2021-11-26 17:42:44.162000+00:00,0.640869140625,2021-11-26 17:42:44.162000+00:00,0.1953125,2021-11-26 17:42:44.162000+00:00,-0.1190185546875,2021-11-26 17:42:44.162000+00:00,-32.29999542236328,2021-11-26 17:42:44.163000+00:00
30,165.63720703125,2021-11-26 17:42:44.229000+00:00,24.24612522887201,2021-11-26 17:42:44.229000+00:00,25.307105941263423,2021-11-26 17:42:44.229000+00:00,24.732877351163083,2021-11-26 17:42:44.229000+00:00,226.02484130859372,2021-11-26 17:42:44.229000+00:00,26.58096102949585,2021-11-26 17:42:44.229000+00:00,14.14794921875,2021-11-26 17:42:44.229000+00:00,0.4730224609375,2021-11-26 17:42:44.229000+00:00,0.3143310546875,2021-11-26 17:42:44.229000+00:00,0.0701904296875,2021-11-26 17:42:44.229000+00:00,0.2166748046875,2021-11-26 17:42:44.229000+00:00,2.2705078125,2021-11-26 17:42:44.229000+00:00,1.79443359375,2021-11-26 17:42:44.229000+00:00,-0.03662109375,2021-11-26 17:42:44.229000+00:00,0.225830078125,2021-11-26 17:42:44.229000+00:00,-0.0396728515625,2021-11-26 17:42:44.229000+00:00,1.3397216796875,2021-11-26 17:42:44.229000+00:00,0.054931640625,2021-11-26 17:42:44.229000+00:00,1.361083984375,2021-11-26 17:42:44.229000+00:00,0.5859375,2021-11-26 17:42:44.229000+00:00,-0.054931640625,2021-11-26 17:42:44.229000+00:00,0.1007080078125,2021-11-26 17:42:44.229000+00:00,0.286865234375,2021-11-26 17:42:44.229000+00:00,0.0152587890625,2021-11-26 17:42:44.229000+00:00,0.1556396484375,2021-11-26 17:42:44.229000+00:00,0.13427734375,2021-11-26 17:42:44.229000+00:00,0.64697265625,2021-11-26 17:42:44.229000+00:00,0.732421875,2021-11-26 17:42:44.229000+00:00,0.048828125,2021-11-26 17:42:44.229000+00:00,0.3570556640625,2021-11-26 17:42:44.229000+00:00,0.37841796875,2021-11-26 17:42:44.229000+00:00,0.4058837890625,2021-11-26 17:42:44.229000+00:00,0.40283203125,2021-11-26 17:42:44.229000+00:00,0.0762939453125,2021-11-26 17:42:44.229000+00:00,0.0244140625,2021-11-26 17:42:44.229000+00:00,0.1312255859375,2021-11-26 17:42:44.229000+00:00,-32.29999542236328,2021-11-26 17:42:44.229000+00:00
31,165.63720703125,2021-11-26 17:42:44.295000+00:00,24.027418010570987,2021-11-26 17:42:44.295000+00:00,25.130224796967774,2021-11-26 17:42:44.295000+00:00,24.540994923848327,2021-11-26 17:42:44.295000+00:00,225.91552734375,2021-11-26 17:42:44.295000+00:00,26.36876270242309,2021-11-26 17:42:44.295000+00:00,14.66064453125,2021-11-26 17:42:44.295000+00:00,0.433349609375,2021-11-26 17:42:44.295000+00:00,0.2288818359375,2021-11-26 17:42:44.295000+00:00,0.067138671875,2021-11-26 17:42:44.295000+00:00,-0.1190185546875,2021-11-26 17:42:44.295000+00:00,2.4505615234375,2021-11-26 17:42:44.295000+00:00,1.5106201171875,2021-11-26 17:42:44.295000+00:00,-0.091552734375,2021-11-26 17:42:44.295000+00:00,0.84228515625,2021-11-26 17:42:44.295000+00:00,0.2227783203125,2021-11-26 17:42:44.295000+00:00,1.6143798828125,2021-11-26 17:42:44.295000+00:00,0.30517578125,2021-11-26 17:42:44.295000+00:00,1.214599609375,2021-11-26 17:42:44.295000+00:00,0.9246826171875,2021-11-26 17:42:44.295000+00:00,0.0732421875,2021-11-26 17:42:44.295000+00:00,0.189208984375,2021-11-26 17:42:44.295000+00:00,0.35400390625,2021-11-26 17:42:44.295000+00:00,0.0823974609375,2021-11-26 17:42:44.295000+00:00,-0.042724609375,2021-11-26 17:42:44.295000+00:00,0.0244140625,2021-11-26 17:42:44.295000+00:00,0.567626953125,2021-11-26 17:42:44.295000+00:00,0.775146484375,2021-11-26 17:42:44.295000+00:00,0.152587890625,2021-11-26 17:42:44.295000+00:00,0.13427734375,2021-11-26 17:42:44.295000+00:00,-0.01220703125,2021-11-26 17:42:44.295000+00:00,0.4302978515625,2021-11-26 17:42:44.295000+00:00,0.08544921875,2021-11-26 17:42:44.295000+00:00,0.2166748046875,2021-11-26 17:42:44.295000+00:00,0.2410888671875,2021-11-26 17:42:44.295000+00:00,0.128173828125,2021-11-26 17:42:44.295000+00:00,-32.29999542236328,2021-11-26 17:42:44.296000+00:00
32,165.63720703125,2021-11-26 17:42:44.362000+00:00,24.224862027092744,2021-11-26 17:42:44.362000+00:00,25.287452480786133,2021-11-26 17:42:44.362000+00:00,24.676080152677915,2021-11-26 17:42:44.362000+00:00,225.80621337890625,2021-11-26 17:42:44.362000+00:00,26.56847877496216,2021-11-26 17:42:44.362000+00:00,15.667724609375,2021-11-26 17:42:44.362000+00:00,0.6591796875,2021-11-26 17:42:44.362000+00:00,0.2685546875,2021-11-26 17:42:44.362000+00:00,0.225830078125,2021-11-26 17:42:44.362000+00:00,-0.08544921875,2021-11-26 17:42:44.362000+00:00,2.2552490234375,2021-11-26 17:42:44.362000+00:00,1.5655517578125,2021-11-26 17:42:44.362000+00:00,-0.048828125,2021-11-26 17:42:44.362000+00:00,0.3509521484375,2021-11-26 17:42:44.362000+00:00,0.006103515625,2021-11-26 17:42:44.362000+00:00,2.1484375,2021-11-26 17:42:44.362000+00:00,0.18310546875,2021-11-26 17:42:44.362000+00:00,1.3427734375,2021-11-26 17:42:44.362000+00:00,0.76904296875,2021-11-26 17:42:44.362000+00:00,0.0579833984375,2021-11-26 17:42:44.362000+00:00,0.146484375,2021-11-26 17:42:44.362000+00:00,0.244140625,2021-11-26 17:42:44.362000+00:00,0.0244140625,2021-11-26 17:42:44.362000+00:00,-0.08544921875,2021-11-26 17:42:44.362000+00:00,0.10986328125,2021-11-26 17:42:44.362000+00:00,0.3387451171875,2021-11-26 17:42:44.362000+00:00,0.69580078125,2021-11-26 17:42:44.362000+00:00,0.054931640625,2021-11-26 17:42:44.362000+00:00,0.274658203125,2021-11-26 17:42:44.362000+00:00,0.2349853515625,2021-11-26 17:42:44.362000+00:00,0.59814453125,2021-11-26 17:42:44.362000+00:00,0.3997802734375,2021-11-26 17:42:44.362000+00:00,0.1983642578125,2021-11-26 17:42:44.362000+00:00,0.0640869140625,2021-11-26 17:42:44.362000+00:00,0.1861572265625,2021-11-26 17:42:44.362000+00:00,-32.29999542236328,2021-11-26 17:42:44.363000+00:00
33,165.63720703125,2021-11-26 17:42:44.429000+00:00,24.224862027092744,2021-11-26 17:42:44.429000+00:00,25.27762575054749,2021-11-26 17:42:44.429000+00:00,24.70371122221124,2021-11-26 17:42:44.429000+00:00,225.6968994140625,2021-11-26 17:42:44.429000+00:00,26.49358524776001,2021-11-26 17:42:44.429000+00:00,15.88134765625,2021-11-26 17:42:44.429000+00:00,0.5950927734375,2021-11-26 17:42:44.429000+00:00,0.2532958984375,2021-11-26 17:42:44.429000+00:00,-0.0030517578125,2021-11-26 17:42:44.429000+00:00,0.0,2021-11-26 17:42:44.429000+00:00,2.34375,2021-11-26 17:42:44.429000+00:00,1.507568359375,2021-11-26 17:42:44.429000+00:00,-0.0274658203125,2021-11-26 17:42:44.429000+00:00,0.335693359375,2021-11-26 17:42:44.429000+00:00,0.06103515625,2021-11-26 17:42:44.429000+00:00,1.9256591796875,2021-11-26 17:42:44.429000+00:00,0.299072265625,2021-11-26 17:42:44.429000+00:00,1.7669677734375,2021-11-26 17:42:44.429000+00:00,0.604248046875,2021-11-26 17:42:44.429000+00:00,0.048828125,2021-11-26 17:42:44.429000+00:00,0.2960205078125,2021-11-26 17:42:44.429000+00:00,0.6256103515625,2021-11-26 17:42:44.429000+00:00,0.0518798828125,2021-11-26 17:42:44.429000+00:00,0.0396728515625,2021-11-26 17:42:44.429000+00:00,0.0152587890625,2021-11-26 17:42:44.429000+00:00,0.4608154296875,2021-11-26 17:42:44.429000+00:00,0.69580078125,2021-11-26 17:42:44.429000+00:00,-0.018310546875,2021-11-26 17:42:44.429000+00:00,0.0,2021-11-26 17:42:44.429000+00:00,0.2960205078125,2021-11-26 17:42:44.429000+00:00,0.4547119140625,2021-11-26 17:42:44.429000+00:00,0.6591796875,2021-11-26 17:42:44.429000+00:00,0.152587890625,2021-11-26 17:42:44.429000+00:00,0.08544921875,2021-11-26 17:42:44.429000+00:00,0.3082275390625,2021-11-26 17:42:44.429000+00:00,-32.29999542236328,2021-11-26 17:42:44.429000+00:00
34,165.63720703125,2021-11-26 17:42:44.495000+00:00,24.01526760955426,2021-11-26 17:42:44.495000+00:00,25.067988838789677,2021-11-26 17:42:44.495000+00:00,24.48419772536316,2021-11-26 17:42:44.495000+00:00,225.58758544921875,2021-11-26 17:42:44.495000+00:00,26.315713120654905,2021-11-26 17:42:44.495000+00:00,13.43994140625,2021-11-26 17:42:44.495000+00:00,0.4913330078125,2021-11-26 17:42:44.495000+00:00,0.4241943359375,2021-11-26 17:42:44.495000+00:00,0.115966796875,2021-11-26 17:42:44.495000+00:00,-0.1861572265625,2021-11-26 17:42:44.495000+00:00,2.2247314453125,2021-11-26 17:42:44.495000+00:00,1.4312744140625,2021-11-26 17:42:44.495000+00:00,-0.146484375,2021-11-26 17:42:44.495000+00:00,0.72021484375,2021-11-26 17:42:44.495000+00:00,0.054931640625,2021-11-26 17:42:44.495000+00:00,1.28173828125,2021-11-26 17:42:44.495000+00:00,0.4486083984375,2021-11-26 17:42:44.495000+00:00,1.03759765625,2021-11-26 17:42:44.495000+00:00,0.5126953125,2021-11-26 17:42:44.495000+00:00,-0.0030517578125,2021-11-26 17:42:44.495000+00:00,0.2227783203125,2021-11-26 17:42:44.495000+00:00,0.23193359375,2021-11-26 17:42:44.495000+00:00,0.0,2021-11-26 17:42:44.495000+00:00,-0.0244140625,2021-11-26 17:42:44.495000+00:00,0.10986328125,2021-11-26 17:42:44.495000+00:00,0.5706787109375,2021-11-26 17:42:44.495000+00:00,0.8575439453125,2021-11-26 17:42:44.495000+00:00,-0.0640869140625,2021-11-26 17:42:44.495000+00:00,-0.03662109375,2021-11-26 17:42:44.495000+00:00,0.335693359375,2021-11-26 17:42:44.495000+00:00,0.47607421875,2021-11-26 17:42:44.495000+00:00,0.4058837890625,2021-11-26 17:42:44.495000+00:00,0.152587890625,2021-11-26 17:42:44.495000+00:00,-0.054931640625,2021-11-26 17:42:44.495000+00:00,0.2471923828125,2021-11-26 17:42:44.495000+00:00,-32.29999542236328,2021-11-26 17:42:44.496000+00:00
35,165.63720703125,2021-11-26 17:42:44.562000+00:00,24.230937227601107,2021-11-26 17:42:44.562000+00:00,25.29072805753235,2021-11-26 17:42:44.562000+00:00,24.749763004766784,2021-11-26 17:42:44.562000+00:00,225.478271484375,2021-11-26 17:42:44.562000+00:00,26.596563847662964,2021-11-26 17:42:44.562000+00:00,14.88037109375,2021-11-26 17:42:44.562000+00:00,0.543212890625,2021-11-26 17:42:44.562000+00:00,0.2838134765625,2021-11-26 17:42:44.562000+00:00,-0.048828125,2021-11-26 17:42:44.562000+00:00,-0.1434326171875,2021-11-26 17:42:44.562000+00:00,2.2369384765625,2021-11-26 17:42:44.562000+00:00,1.678466796875,2021-11-26 17:42:44.562000+00:00,-0.01220703125,2021-11-26 17:42:44.562000+00:00,0.323486328125,2021-11-26 17:42:44.562000+00:00,0.10986328125,2021-11-26 17:42:44.562000+00:00,1.6845703125,2021-11-26 17:42:44.562000+00:00,0.164794921875,2021-11-26 17:42:44.562000+00:00,1.373291015625,2021-11-26 17:42:44.562000+00:00,0.885009765625,2021-11-26 17:42:44.562000+00:00,0.1617431640625,2021-11-26 17:42:44.562000+00:00,0.18310546875,2021-11-26 17:42:44.562000+00:00,0.32958984375,2021-11-26 17:42:44.562000+00:00,0.0823974609375,2021-11-26 17:42:44.562000+00:00,0.2227783203125,2021-11-26 17:42:44.562000+00:00,0.140380859375,2021-11-26 17:42:44.562000+00:00,0.4486083984375,2021-11-26 17:42:44.562000+00:00,0.6561279296875,2021-11-26 17:42:44.562000+00:00,-0.006103515625,2021-11-26 17:42:44.562000+00:00,0.067138671875,2021-11-26 17:42:44.562000+00:00,0.311279296875,2021-11-26 17:42:44.562000+00:00,0.4364013671875,2021-11-26 17:42:44.562000+00:00,0.3021240234375,2021-11-26 17:42:44.562000+00:00,-0.018310546875,2021-11-26 17:42:44.562000+00:00,0.03662109375,2021-11-26 17:42:44.562000+00:00,0.1617431640625,2021-11-26 17:42:44.562000+00:00,-32.29999542236328,2021-11-26 17:42:44.562000+00:00
36,165.63720703125,2021-11-26 17:42:44.629000+00:00,23.92110200167465,2021-11-26 17:42:44.629000+00:00,24.97299711314941,2021-11-26 17:42:44.629000+00:00,24.37827862548541,2021-11-26 17:42:44.629000+00:00,225.36895751953125,2021-11-26 17:42:44.629000+00:00,26.228337338919065,2021-11-26 17:42:44.629000+00:00,13.531494140625,2021-11-26 17:42:44.629000+00:00,0.3509521484375,2021-11-26 17:42:44.629000+00:00,0.3662109375,2021-11-26 17:42:44.629000+00:00,-0.469970703125,2021-11-26 17:42:44.629000+00:00,-0.1251220703125,2021-11-26 17:42:44.629000+00:00,2.1820068359375,2021-11-26 17:42:44.629000+00:00,1.3214111328125,2021-11-26 17:42:44.629000+00:00,-0.03662109375,2021-11-26 17:42:44.629000+00:00,0.35400390625,2021-11-26 17:42:44.629000+00:00,0.2471923828125,2021-11-26 17:42:44.629000+00:00,1.4678955078125,2021-11-26 17:42:44.629000+00:00,0.1556396484375,2021-11-26 17:42:44.629000+00:00,1.4984130859375,2021-11-26 17:42:44.629000+00:00,0.69580078125,2021-11-26 17:42:44.629000+00:00,0.1068115234375,2021-11-26 17:42:44.629000+00:00,0.1556396484375,2021-11-26 17:42:44.629000+00:00,0.68359375,2021-11-26 17:42:44.629000+00:00,-0.067138671875,2021-11-26 17:42:44.629000+00:00,-0.1678466796875,2021-11-26 17:42:44.629000+00:00,0.115966796875,2021-11-26 17:42:44.629000+00:00,0.3448486328125,2021-11-26 17:42:44.629000+00:00,0.5645751953125,2021-11-26 17:42:44.629000+00:00,0.079345703125,2021-11-26 17:42:44.629000+00:00,-0.0640869140625,2021-11-26 17:42:44.629000+00:00,0.518798828125,2021-11-26 17:42:44.629000+00:00,0.5645751953125,2021-11-26 17:42:44.629000+00:00,0.3143310546875,2021-11-26 17:42:44.629000+00:00,0.1434326171875,2021-11-26 17:42:44.629000+00:00,0.0274658203125,2021-11-26 17:42:44.629000+00:00,0.1617431640625,2021-11-26 17:42:44.629000+00:00,-32.29999542236328,2021-11-26 17:42:44.629000+00:00
37,165.63720703125,2021-11-26 17:42:44.695000+00:00,24.43749404488541,2021-11-26 17:42:44.695000+00:00,25.487262662305294,2021-11-26 17:42:44.695000+00:00,24.961601204522275,2021-11-26 17:42:44.695000+00:00,225.2596435546875,2021-11-26 17:42:44.695000+00:00,26.84932950197021,2021-11-26 17:42:44.695000+00:00,15.41748046875,2021-11-26 17:42:44.695000+00:00,0.5828857421875,2021-11-26 17:42:44.695000+00:00,0.3631591796875,2021-11-26 17:42:44.695000+00:00,0.0335693359375,2021-11-26 17:42:44.695000+00:00,-0.13427734375,2021-11-26 17:42:44.695000+00:00,2.1820068359375,2021-11-26 17:42:44.695000+00:00,1.300048828125,2021-11-26 17:42:44.695000+00:00,-0.03662109375,2021-11-26 17:42:44.695000+00:00,0.2288818359375,2021-11-26 17:42:44.695000+00:00,0.0701904296875,2021-11-26 17:42:44.695000+00:00,2.25830078125,2021-11-26 17:42:44.695000+00:00,0.3143310546875,2021-11-26 17:42:44.695000+00:00,1.23291015625,2021-11-26 17:42:44.695000+00:00,0.799560546875,2021-11-26 17:42:44.695000+00:00,-0.067138671875,2021-11-26 17:42:44.695000+00:00,0.1861572265625,2021-11-26 17:42:44.695000+00:00,0.3265380859375,2021-11-26 17:42:44.695000+00:00,0.030517578125,2021-11-26 17:42:44.695000+00:00,-0.09765625,2021-11-26 17:42:44.695000+00:00,0.06103515625,2021-11-26 17:42:44.695000+00:00,0.7293701171875,2021-11-26 17:42:44.695000+00:00,0.7781982421875,2021-11-26 17:42:44.695000+00:00,-0.0091552734375,2021-11-26 17:42:44.695000+00:00,-0.0457763671875,2021-11-26 17:42:44.695000+00:00,0.2899169921875,2021-11-26 17:42:44.695000+00:00,0.4608154296875,2021-11-26 17:42:44.695000+00:00,0.3143310546875,2021-11-26 17:42:44.695000+00:00,0.3631591796875,2021-11-26 17:42:44.695000+00:00,0.1373291015625,2021-11-26 17:42:44.695000+00:00,0.1129150390625,2021-11-26 17:42:44.695000+00:00,-32.29999542236328,2021-11-26 17:42:44.696000+00:00
38,165.63720703125,2021-11-26 17:42:44.762000+00:00,24.136771619721497,2021-11-26 17:42:44.762000+00:00,25.120398066729127,2021-11-26 17:42:44.762000+00:00,24.53792480501129,2021-11-26 17:42:44.762000+00:00,225.15032958984372,2021-11-26 17:42:44.762000+00:00,,,13.690185546875,2021-11-26 17:42:44.762000+00:00,0.5950927734375,2021-11-26 17:42:44.762000+00:00,0.3021240234375,2021-11-26 17:42:44.762000+00:00,-0.1861572265625,2021-11-26 17:42:44.762000+00:00,0.067138671875,2021-11-26 17:42:44.762000+00:00,1.971435546875,2021-11-26 17:42:44.762000+00:00,1.7608642578125,2021-11-26 17:42:44.762000+00:00,0.0885009765625,2021-11-26 17:42:44.762000+00:00,0.482177734375,2021-11-26 17:42:44.762000+00:00,-0.0274658203125,2021-11-26 17:42:44.762000+00:00,1.1993408203125,2021-11-26 17:42:44.762000+00:00,0.29296875,2021-11-26 17:42:44.762000+00:00,1.416015625,2021-11-26 17:42:44.762000+00:00,0.665283203125,2021-11-26 17:42:44.762000+00:00,0.0,2021-11-26 17:42:44.762000+00:00,0.18310546875,2021-11-26 17:42:44.762000+00:00,0.2655029296875,2021-11-26 17:42:44.762000+00:00,-0.0335693359375,2021-11-26 17:42:44.762000+00:00,0.1068115234375,2021-11-26 17:42:44.762000+00:00,-0.0885009765625,2021-11-26 17:42:44.762000+00:00,0.5279541015625,2021-11-26 17:42:44.762000+00:00,0.445556640625,2021-11-26 17:42:44.762000+00:00,-0.0946044921875,2021-11-26 17:42:44.762000+00:00,0.0701904296875,2021-11-26 17:42:44.762000+00:00,0.225830078125,2021-11-26 17:42:44.762000+00:00,0.4913330078125,2021-11-26 17:42:44.762000+00:00,0.40283203125,2021-11-26 17:42:44.762000+00:00,0.1190185546875,2021-11-26 17:42:44.762000+00:00,0.1861572265625,2021-11-26 17:42:44.762000+00:00,0.2044677734375,2021-11-26 17:42:44.762000+00:00,,
